and,the,gamespy
and,the,is
a,and,the
a,and,most
a,and,complete
a,and,source
a,and,for
h,a,c,k,g,u
v,o,l
release,and,1
r,e,b,i,r,t,h
a,and,trailer
a,and,screenshots
a,and,cheat
a,and,walkthroughs
a,and,release
a,and,date
a,and,preview
a,and,review
a,and,soundtrack
a,of,and
a,of,news
a,of,guide
a,of,spoiler
a,of,forum
a,of,year
a,of,after
a,of,event
a,to,of
a,to,first
to,teen,hack
a,in,installment
a,game,popular
a,to,but
a,game,dangerous
a,game,online
a,to,game
a,to,world
a,to,ha
a,to,been
r,e,s,u,r,r,e,c,t,e,d
in,to,a
h,a,s,e,o
t,e,r,r,o,r
in,to,death
in,to,player
in,to,are
t,h,r,o,w,n
in,to,into
in,to,his
in,to,quest
to,action,revenge
to,friend,in
everyone,to,search
to,atlus,mysterious
p,k
k,i,l,l,e,r
t,r,i
with,everyone,edge
ps2,to,this
to,teen,time
with,to,will
with,mature,interact
everyone,to,real
every,to,virtual
to,friend,with
f,e,l,l,o,w
to,action,through
to,action,various
read,new,chat
m,a,i,l
to,racing,fully
strategy,friend,voiced
everyone,to,video
email,friend,clip
to,3,together
h,a,s,e,o,s
to,teen,partner
l,o,g,i,n
ps2,friend,to
everyone,friend,challenge
role,teen,solve
behind,friend,mystery
ps2,friend,new
ps2,mature,environment
r,2
action,friend,ps2
action,friend,email
action,videogame,friend
action,videogame,info
action,videogame,developer
teen,bandai,cyberconnect2
action,videogame,publisher
teen,fighting,bandai
action,videogame,genre
teen,battle,rpg
strategy,action,october
teen,action,24
on,action,2006
action,videogame,esrb
action,videogame,teen
action,videogame,score
action,videogame,read
action,videogame,strategy
action,videogame,dataset
html,action,videogame
everyone,action,html
v,o,l,3
r,e,d,e,m,p,t,i,o,n
c,o,n,t,i,n,u,i,n,g
everyone,action,where
2,action,second
l,e,f,t
your,on,off
everyone,that,3
d,i,s,c,o,v,e,r,s
on,action,that
an,who,old
action,mature,enemy
on,action,have
r,e,t,u,r,n,e,d
action,racing,some
t,u,r,n,e,d
you,action,against
he,from,him
resident,capcom,evil
again,action,once
l,u,r,k,e,d
your,on,only
5,an,within
c,o,n,f,i,n,e,s
m,m,o
on,an,now
c,a,u,s,i,n,g
an,havoc
action,mature,must
o,v,e,r,c,o,m,e
i,m,p,e,n,d,i,n,g
d,o,o,m
r,e,s,t,o,r,e
b,a,l,a,n,c,e
everyone,action,both
including,action,reality
everyone,action,september
on,everyone,10
everyone,action,2007
action,racing,part
on,action,based
everyone,action,on
adventure,mature,action
everyone,interactive,packed
by,more,television
fighting,from,series
mature,from,set
mature,from,between
everyone,2002,season
character,from,two
by,everyone,three
show,fighting,tv
battle,fighting,show
entertainment,mature,provides
from,answer
more,from,several
u,n,a,n,s,w,e,r,e,d
sony,entertainment,question
an,from,who
it,computer,wa
r,e,a,l,l,y
you,it,behind
a,s,s,a,s,s,i,n,a,t,i,o,n
an,from,attempt
p,r,e,s,i,d,e,n,t
p,a,l,m,e,r
your,everyone,how
entertainment,mature,did
k,i,m
b,a,u,e,r
your,up,get
by,job
l,a
c,t,u
j,a,c,k
c,h,a,s,e
e,d,m,u,n,d,s
your,you,start
control,over,working
p,e,n,n,e,d
everyone,entertainment,by
star,from,episode
studio,writer
d,u,p,p,y
d,e,m,e,t,r,i,u,s
lucasarts,war,star
k,i,e,f,e,r
s,u,t,h,e,r,l,a,n,d
c,a,r,l,o,s
b,e,r,n,a,r,d
studio,more,boast
than,everyone,more
racing,all,than
2,everyone,100
team,mature,mission
t,o,l,d
b,r,a,n,c,h,i,n,g
s,u,b,p,l,o,t,s
2,nba,gameplay
2,system,includes
from,foot
s,e,c,t,i,o,n
feature,everyone,shooting
adventure,mature,stealth
adventure,mature,puzzle
s,n,i,p,i,n,g
empire,racing,driving
character,battle,sequence
i,n,t,e,r,r,o,g,a,t,i,o,n
t,e,c,h,n,i,c,a,l
can,their,even
special,4,us
character,mature,unique
everyone,sport,visual
everyone,sport,style
mode,everyone,multi
p,a,n,e,l
w,i,n,d,o,w
s,h,o,w,i,n,g
c,o,n,c,u,r,r,e,n,t
entertainment,mature,plot
2,team,development
sony,computer,sce
production,capcom,studio
c,a,m,b,r,i,d,g,e
take,2k
computer,entertainment,sony
everyone,entertainment,computer
everyone,racing,entertainment
everyone,sport,february
2,mature,28
rockstar,adventure,mature
racing,from,50
c,e,n,t
b,u,l,l,e,t,p,r,o,o,f
c,a,u,g,h,t
w,e,b
c,o,r,r,u,p,t,i,o,n
mode,2005,double
your,up,cross
s,h,a,d,y
2005,or,deal
team,all,lead
b,l,o,o,d,y
story,all,path
city,from,york
d,r,u,g
u,n,d,e,r,w,o,r,l,d
t,e,a,m,i,n,g
your,everyone,up
g
2005,from,unit
can,racing,crew
your,you,take
from,crime
adventure,from,family
rockstar,auto,city
u,n,c,o,v,e,r,i,n,g
everyone,from,an
everyone,sport,international
c,o,n,s,p,i,r,a,c,y
power,attack,devastating
i,m,p,l,i,c,a,t,i,o,n
mode,everyone,feature
a,l,b,u,m
everyone,racing,track
rock,guitar,song
your,everyone,from
r,e,c,o,r,d,e,d
2,playstation,exclusively
their,everyone,well
including,fighting,dozen
play,everyone,along
adventure,battle,original
everyone,sport,hot
can,beat
s,c,o,r,i,n,g
s,h,a
your,can,money
x,l
e,x,e,c
p,r,o,d,u,c,e,r
mode,everyone,addition
mode,everyone,offer
requirement,multiplayer,sound
everyone,fighting,mode
can,everyone,which
everyone,electronic,gamers
everyone,you,can
it,mix
creation,sport,match
f,r,e,e,s,t,y,l,e
2,or,straight
c,a,m,p
g,e,n,u,i,n,e
2,battle,vivendi
2,dragon,november
everyone,all,17
everyone,sport,2005
everyone,racing,atv
o,f,f,r,o,a,d
battle,fighting,fury
2004,adventure,developed
racing,climax
you,adventure,group
everyone,inc
t,o,o,k
everyone,racing,over
six,rainbow
person,adventure,third
selling,all,million
franchise,interactive,selling
race,everyone,racing
everyone,it,franchise
including,namco,intense
adventure,roaming,free
their,roaming
their,different,additional
everyone,it,course
interactive,including,larger
2004,different,extra
everyone,namco,mini
a,t,v,s
their,all,via
n,e,t,w,o,r,k
a,d,a,p,t,o,r
their,offline
t,e,a,r
your,you,it
a,n,y,w,h,e,r,e
b,l,a,z,e
they,everyone,their
your,everyone,own
t,r,a,i,l
c,h,o,o,s,i,n,g
everyone,arcade,highly
car,everyone,detailed
battle,fighting,including
shooter,everyone,six
c,o,m,p,e,t,i,n,g
everyone,electronic,all
everyone,multiplayer,single
v,a,r,i,e,d
v,i,s,u,a,l,l,y
play,everyone,stunning
system,background
2,fighting,featuring
w,a,t,e,r
m,u,d
special,each,effect
empire,eidos,interactive
battle,fighting,object
also,instance
2004,everyone,such
r,a,m,p
t,i,r,e
c,o,n,e
t,r,e,e
system,everyone,also
s,h,o,r,t
2,battle,one
everyone,out,day
o,l,y,m,p,i,c
race,everyone,championship
playstation,fighting,2
everyone,sport,2004
electronic,sport,everyone
2003,warrior,4
you,sport,hit
system,story,fourth
multiplayer,character,gear
system,battle,another
you,character,select
you,electronic,your
sport,fighting,favorite
you,sport,or
battle,fighting,history
m,x
b,i,k,e
b,u,g,g,y
t,r,o,p,h,y
t,r,u,c,k
crash,car,race
7,2
t,e,n,a,c,i,o,u,s
adventure,character,different
c,o,n,t,i,n,e,n,t
e,n
r,o,u,t,e
c,h,e,c,k,e,r,e,d
f,l,a,g
character,battle,story
you,sport,be
ability,adventure,able
nba,ea,live
nba,adventure,life
r,o,o,k,i,e
system,combo,rider
art,electronic,earn
r,a,n,k
p,r,o,f,e,s,s,i,o,n,a,l
car,you,racer
activision,fighting,experience
system,drama
multiplayer,you,intensity
nba,sport,realistic
i,n,c,r,e,a,s,i,n,g,l,y
d,i,f,f,i,c,u,l,t
t,i,e,d
e,n,g,a,g,i,n,g
d,r,i,v,e,n
play,you,full
system,picture,motion
f,m,v,s
art,electronic,add
system,communication
c,a,p,a,b,i,l,i,t,y
sport,level,pro
p,s,p
requirement,minimum,system
shooter,war,vehicle
e,x,c,h,a,n,g,e
weapon,20,upgrade
s,h,a,r,e,d
c,o,m,m,u,n,i,t,y
adventure,character,ability
s,h,a,r,e
they,25,user
play,sport,created
c,i,r,c,u,i,t
s,u,p,p,o,r,t,i,n,g
play,multiplayer,eight
king,fighting,tournament
play,you,voice
t,e,x,t
p,r,o,f,i,l,e
d,o,w,n,l,o,a,d,a,b,l,e
character,battle,content
d,a,t,a
f,e,a,t,u,r,e,d
e,d,i,t,o,r
e,x,t,e,n,s,i,v,e
t,u,n,i,n,g
car,ea,customization
car,while,option
s,c,e,a
you,august,31
q,u,a,d
adventure,dragon,power
a,c,c,l,a,i,m
you,adventure,january
art,sport,14
electronic,sport,2003
article,tba,na
a,c,e
flight,namco,combat
ever,battle,5
u,n,s,u,n,g
lucasarts,shooter,war
f,l,i,g,h,t
battle,fighting,namco
music,you,let
you,sport,air
character,fighting,battle
s,u,p,e,r,p,o,w,e,r
o,s,e,a
y,u,k,t,o,b,a,n,i,a
a,t,t,e,m,p,t,i,n,g
i,n,t,e,r,c,e,p,t
u,n,i,d,e,n,t,i,f,i,e,d
a,i,r,c,r,a,f,t
1,0,8,t,h
you,tactical
street,fighting,fighter
s,q,u,a,d,r,o,n
d,e,s,t,r,o,y,e,d
attack,base
s,c,r,a,m,b,l,e
electronic,sport,defense
at,sport,go
hero,shooter,red
a,l,e,r,t
art,electronic,you
force,team,elite
p,i,l,o,t
shooter,out,called
p,r,o,t,e,c,t
console,character,home
n,a,t,i,o,n
5,t,h
n,a,m,c,o,s
l,a,n,d,m,a,r,k
u,l,t,r,a,–,r,e,a,l,i,s,t,i,c
play,sport,graphic
car,electronic,licensed
a,l,l,–,n,e,w
w,i,n,g,m,a,n
art,shooter,command
i,s,s,u,e
ubisoft,adventure,order
c,o,o,r,d,i,n,a,t,e
combo,character,attack
s,p,l,i,t,–,s,e,c,o,n,d
d,e,c,i,s,i,o,n
d,e,t,e,r,m,i,n,e
character,success
f,a,i,l,u,r,e
i,n,t,r,i,g,u,i,n,g
s,p,a,n
software,shooter,30
s,h,o,w,c,a,s,e
e,x,q,u,i,s,i,t,e,l,y
r,e,a,l,–,t,i,m,e
w,e,a,t,h,e,r
d,y,n,a,m,i,c
l,i,g,h,t,i,n,g
team,adventure,multiple
l,o,a,d
u,n,l,o,c,k,a,b,l,e
weapon,way,hour
f,l,y,i,n,g
e,x,c,i,t,e,m,e,n,t
known,character,project
adventure,fighting,25
z,e,r,o
b,e,l,k,a,n
art,electronic,taking
article,adventure,place
special,character,15
p,r,i,o,r
them,use,focus
o,l,d,e,r
j,e,t
p,r,e,d,e,c,e,s,s,o,r
a,p,p,e,a,r
f
1,5,c
e,a,g,l,e
f,a
1,8,c
h,o,r,n,e,t
spirit,adventure,april
pending,rating
p,e,n,d,i,n,g
a,l,i,a,s
weapon,shooter,person
grand,capcom,adventure
c,o,n,t,a,i,n,i,n,g
b,l,e,n,d
s,y,d,n,e,y
b,r,i,s,t,o,w,—,d,e,a,d,l,y
c,i,a
electronic,sport,field
objective,weapon,agent
weapon,character,use
weapon,level,gadget
t,r,a,i,n,i,n,g
p,u,r,s,u,e
a,r,c,h
fighting,nemesis
out,character,around
g,l,o,b,e
r,e,s,c,u,e
w,h,e,t,h,e,r
y,o,u,r,e
playstation,clock
way,he,being
h,u,n,t,e,d
z,character,fighting
o,d,d,s
f,l,e,e,i,n,g
r,e,l,e,n,t,l,e,s,s
character,level,utilize
i,n,c,r,e,d,i,b,l,e
s,p,y,w,a,r,e
a,r,r,a,y
d,i,s,g,u,i,s,e
c,o,v,e,r,t
shooter,level,across
join,find,heart
s,t,o,p,p,i,n,g
t,e,n,s,i,o,n
winning,award
konami,sport,winning
character,playstation,include
fight,he,way
dragon,character,level
o,b,j,e,c,t,i,v,e
t,w,i,s,t,i,n,g
c,r,a,f,t,e,d
c,l,o,s,e
t,i,e
art,electronic,using
sport,official
s,c,r,i,p,t
c,o,s,t,u,m,e
c,h,e,l,t,e,n,h,a,m
b,u,e,n,a
v,i,s,t,a
play,they,6
earth,alien
h,o,m,i,n,i,d
o,r,i,g,i,n,a,l,l,y
w,i,l,d,l,y
f,l,a,s,h
n,e,w,g,r,o,u,n,d,s
w,e,b,s,i,t,e
electronic,ea,art
s,y,n,j
i,n,d,u,s,t,r,y
p,r,o,g,r,a,m,m,i,n,g
f,o,u,n,d,e,r
clancys,ubisoft,tom
f,u,l,p
rock,guitar,music
l,h,m
b,l,a,s,t,e,r
m,a,n,i,c
y,e,l,l,o,w
creature,these,monster
play,electronic,make
play,shooter,console
r,e,a,l,m
s,t,i,l,l
b,l,i,s,t,e,r,i,n,g
weapon,shooter,hand
d,r,a,w,n
2,d
metal,playstation,version
v,a,s,t,l,y
character,playstation,improved
electronic,sport,animation
f,r,a,n,t,i,c
storyline,edition,element
electronic,sport,side
s,c,r,o,l,l,i,n,g
h,o,m,a,g,e
ea,sport,great
electronic,sport,like
c,o,n,t,r,a
classic,metal
s,l,u,g
b,e,h,e,m,o,t,h
o,3
clancys,ubisoft,shooter
king,requirement,18
a,p,e
each,survival,escape
each,capcom,back
s,o,n,y,s
her,character,same
m,o,n,k,e,y
c,a,t,c,h,i,n,g
s,e,t,u,p
character,playstation,previous
h,u,m,o,r
t,o,n
s,p,e,c,t,e,r
return,character,he
t,e,a,m,e,d
earth,again,human
s,c,i,e,n,t,i,s,t
d,o,c,t,o,r
t,o,m,o,k,o
nba,sport,create
c,r,a,z,y
character,fight,turn
h,u,m,a,n,i,t,y
m,u,s,h
b,r,a,i,n,e,d
c,o,u,c,h
p,o,t,a,t,o
j,i,m,m,y
s,p,i,k,e
p,r,o,f,e,s,s,o,r
rock,guitar,hero
m,e,s,m,e,r,i,z,e,d
s,i,l,l,y
l,e,a,v,i,n,g
her,ni,young
k,e,i
s,i,s,t,e,r
y,u,m,i
b,a,n,d
they,activision,choose
electronic,sport,play
down,possible,either
a,l,t,h,o,u,g,h
e,q,u,i,p,m,e,n,t
b,a,s,i,c
street,team,move
ii,plan,again
each,goal
other,character,enter
street,open,down
c,a,p,t,u,r,e
team,character,them
n,e,t
out,character,there
4,0,0
c,a,t,c,h
r,e,c,o,r,d
each,other,number
character,x,they
s,p,r,e,a,d
r,e,m,i,n,i,s,c,e,n,t
arm,out,wild
w,e,s,t
a,r,a,b,i,a,n
d,e,s,e,r,t
f,r,o,z,e,n
w,a,s,t,e,l,a,n,d
f,o,r,t,u,n,a,t,e,l,y
d,u,o
control,character,powerful
just,japan,though
g,o,o,f,y
next,these,what
s,t,a,n,d
rock,character,out
electronic,character,personality
other,character,each
however,girl,her
h,u,m,o,r,o,u,s
c,u,t
s,c,e,n,e
square,night,brings
l,o,v,e
tba,capcom,japan
a,r,c,a,n,u,m
b,e,y,o,n,d
o,u,r
l,i,e
e,l,e,m,e,n,t,a,l
other,character,these
m,i,g,h,t,y
however,find,spirit
m,a,i,d,e,n
t,h,o,s,e
r,a,r,e
c,o,m,m,u,n,i,c,a,t,e
square,known,long
a,g,o
w,e,r,e
c,o,n,n,e,c,t,e,d
no,character,however
u,n,e,x,p,e,c,t,e,d,l,y
screen,2002,split
a,p,a,r,t
d,i,m,e,n,s,i,o,n,a,l
b,o,u,n,d,a,r,y
f,o,r,m,e,d
s,e,p,a,r,a,t,i,n,g
s,e,e,k,i,n,g
h,a,r,n,e,s,s
e,n,e,r,g,y
m,i,l,d,r,e,d
a,v,a,l,o,n
t,r,y,i,n,g
at,sequel,form
r,i,f,t
m,e,r,g,e
s,h,o,u,l,d
help,multiplayer,plan
s,u,c,c,e,e,d
ea,sport,never
character,sport,help
p,r,e,v,e,n,t
b,r,i,n,g,i,n,g
under,atlus,end
e,x,a,m,u
a,t,l,u,s
march,article,2008
control,character,area
5,1
multiplayer,character,playstation
gamecube,pc,xbox
weapon,ubisoft,u
g,o,v,e,r,n,m,e,n,t
electronic,ea,top
multiplayer,find,secret
s,e,c,u,r,e
f,a,c,i,l,i,t,y
l,o,c,a,t,e,d
n,e,v,a,d,a
activision,arm,role
s,p,e,c,i,a,l,i,s,t
e,t,h,a,n
c,o,l,e
h,a,z,a,r,d,o,u,s
b,i,o,l,o,g,i,c,a,l
w,a,s,t,e
s,e,n,t
i,n,v,e,s,t,i,g,a,t,e
before,character,during
i,n,v,e,s,t,i,g,a,t,i,o,n
s,t,u,m,b,l,e
beast,shadow,creature
v,i,r,u,s
t,h,r,e,a,t,e,n,s
v,e,r,y
movie,fight,save
planet,software,earth
weapon,find,himself
electronic,ea,fight
e,n,i,g,m,a
weapon,multiplayer,engage
defeat,trilogy,epic
m,a,s,s,i,v,e
c,o,r,r,i,d,o,r
requirement,past,discover
e,x,t,r,a,t,e,r,r,e,s,t,r,i,a,l
m,e,n,a,c,e
electronic,sport,before
so,character,too
l,a,t,e
weapon,character,type
multiplayer,ubisoft,weapon
multiplayer,2002,screen
requirement,minimum,multiplayer
team,character,designed
s,t,a,n
w,i,n,s,t,o,n
article,character,midway
a,u,s,t,i,n
character,while,arena
nfl,tiburon,football
2002,sport,true
a,f,l
r,u,l,e
special,article,8
z,budokai,ball
s,e,n,d
character,7,wall
movie,character,exciting
nba,sport,fast
sport,paced
street,electronic,high
o,f,f,e,n,s,e
a,l,l,o,w
l,a,u,n,c,h
a,e,r,i,a,l
a,s,s,a,u,l,t
p,l,a,y,b,o,o,k
c,o,a,c,h
nfl,electronic,tiburon
ea,sport,electronic
nba,ea,sport
article,character,7
a,r,m,o,r,e,d
c,o,r,e
n,e,x,u,s
e,i,g,h,t,h
m,e,c,h
e,n,a,b,l,e,s
team,character,four
s,i,m,u,l,t,a,n,e,o,u,s
s,h,i,p
d,i,s,c
l,a,b,e,l,e,d
r,e,v,o,l,u,t,i,o,n
c,o,n,t,a,i,n,s
r,e,m,a,k,e
team,character,other
d,i,s,k
e,v,o,l,u,t,i,o,n
character,completely
march,character,change
c,u,s,t,o,m
s,c,e,n,a,r,i,o
d,e,p,e,n,d,i,n,g
march,choice
nba,ea,enhanced
character,better
t,o,u,g,h,e,r
street,ea,rival
f,l,e,d,g,e,d
ever,team,released
warrior,konami,march
f,r,o,m,s,o,f,t,w,a,r,e
car,control,simulation
a,t,e,l,i,e,r
i,r,i,s
e,t,e,r,n,a,l
m,a,n,a
g,u,s,t
activision,character,follows
a,l,c,h,e,m,i,s,t
k,l,e,i,n
k,i,e,s,l,i,n,g
e,x,p,l,o,r,e,s
r,e,g,a,l,l,z,i,n,e
f,a,b,l,e,d
s,k,y
j,o,i,n,e,d
c,o,m,p,a,n,i,o,n
l,i,t,a
p,o,p,o
n,o,m
a,r,l,i,n
d,e,l,s,u,s
e,m,p,l,o,y
a,l,c,h,e,m,y
compilation,sega,classic
s,t,r,a,t,e,g,y,r,p,g
m,o,l,d
s,y,n,t,h,e,s,i,z,e
character,travel,item
g,a,i,n
a,d,d,i,t,i,o,a,l,n
digital,physic,arcade
nba,ea,control
u,s,e,d
e,n,a,b,l,e
cell,character,jump
s,l,a,s,h
n,i
street,team,june
character,29
dark,character,no
a,t,h,e,n,s
g,r,e,e,c,e
s,u,m,m,e,r
d,i,s,c,i,p,l,i,n,e
article,seven
a,c,q,u,a,t,i,c,s
a,t,h,l,e,t,i,c,s
g,y,m,n,a,s,t,i,c,s
a,r,c,h,e,r,y
e,q,u,e,s,t,r,i,a,n
w,e,i,g,h,t,l,i,f,t,i,n,g
6,4
r,e,p,r,e,s,e,n,t,e,d
c,o,u,n,t,r,y
u,k
c,o,m,p,a,n,y
e,u,r,o,c,o,m
j,u,l,y
requirement,ea,12
b
b,o,y
t,o,p,r,o,c,k
activision,konami,master
at,character,just
c,a,n,t
3d,character,stop
f,r,e,e,z,i,n,g
b,r,e,a,k,i,n,g
s,e,r,i,o,u,s
d,a,n,c,e
c,o,l,l,a,b,o,r,a,t,i,o,n
l,e,g
d,j
h,o,o,c,h
d,y,n,a,m,i,c,a,l,l,y
c,o,n,t,r,o,l,l,e,d
2002,destroy,best
software,20,planet
article,team,depth
street,ea,build
look,brand,superstar
h,o,s,t
team,character,legendary
w,o,r,k,e,d
c,l,o,s,e,l,y
sonic,character,team
e,n,s,u,r,e
a,u,t,h,e,n,t,i,c,i,t,y
l,e,a,r,n
d,e,v,e,l,o,p
8,0,0
c,a,p,t,u,r,e,d
at,character,progress
car,need,street
g,a,i,n,i,n,g
r,e,s,p,e,c,t
v,i,s,i,t,i,n,g
character,point,21
v,e,n,u,e
character,40
character,while,total
f,r,e,e,s,t,y,l,e,g,a,m,e,s
s,c,e,e
s,o,u,t,h,p,e,a,k
opponent,character,august
b,a,r,n,y,a,r,d
p,a,r,a,m,o,u,n,t
movie,picture
n,i,c,k,e,l,o,d,e,o,n
man,character,movie
t,h,e,a,t,r,i,c,a,l
canada,ea,look
ea,character,at
f,a,r,m
a,n,i,m,a,l
character,do,when
youll,mankind,not
c,o,w
b,l,o,c,k
requirement,character,work
3d,character,rendered
character,capcom,3d
p,r,o,v,e
character,biggest
article,party
b,l,u,e
t,o,n,g,u,e
wwe,smackdown,thq
m,o,b,i,l,e
s,u,i,t
g,u,n,d,a,m
s,e,e,d
s,t,a,r,r,i,n,g
character,anime
z,dragon,character
dragon,playable
w,i,n,g
themselves,allows,five
v
t,a,g
c,o,o,p,e,r,a,t,i,v,e
force,shadow,special
article,’,–
i,m,m,e,r,s,i,v,e
d,e,s,t,r,o,y
b,u,i,l,d,i,n,g
opponent,car,then
car,youll,opponent
d,e,c,e,m,b,e,r
soldier,army,battlefield
m,o,d,e,r,n
b,l,o,c,k,b,u,s,t,e,r
canada,nba,ea
turismo,gran,digital
i,l,l,u,s,i,o,n
e,r,a
ever,league,edition
s,o,m,e,w,h,a,t
s,i,m,i,l,a,r
model,gamecube,pc
u,n,i,t,e,d
s,t,a,t,e
c,h,i,n,a
m,i,d,d,l,e
e,a,s,t
c,o,a,l,i,t,i,o,n
h,a,r,r,o,w,i,n,g
t,a,n,k
c,h,o,p,p,e,r
force,2002,any
warfare,military
7,0
k,i,n,d
h,e,a,t
s,e,a,k,i,n,g
m,i,s,s,l,e,s
l,a,s,e,r
d,e,s,i,g,n,a,t,e,d
b,o,m,b
h,a,r,d,w,a,r,e
c,e
d,i,c,e
b,e,n
p,r,o,t,e,c,t,o,r
g,l,a,n,c,e
a,v,e,r,a,g,e
e,v,e,r,y,d,a,y
k,i,d
u,p,o,n
c,l,o,s,e,r
i,n,s,p,e,c,t,i,o,n
s,software,’
super,article,s
p,l,a,i,n
article,see
y,o,u,n,g,e,s,t
e,v,i,l,d,o,e,r
s,p,a,c,e
o,m,n,i,t,r,i,x
t,r,a,n,s,f,o,r,m
h,e,r,o,i,c
e,x,t,r,a,o,r,d,i,n,a,r,y
v,i,l,g,a,x
k,e,v,i,n
king,article,11
f,o,r,e,v,e,r
k,n,i,g,h,t
d,a,n,g,e,r,…,b,e,n
f,a,m,i,l,i,a,r
v,o,l,t,a,g,e
ever,x,software
d,3
b,l,i,t,z
soccer,league
square,sega,known
p,u,s,h
w,i,t,h,o,u,t
madden,nfl
l,i,c,e,n,s,e
d,r,a,m,a,t,i,c
b,r,i,n,g
l,i,f,e,s,t,y,l,e
c,o,n,t,r,o,v,e,r,s,y
n,i,t,t,y
g,r,i,t,t,y
c,h,e,m,i,c,a,l
p,l,a,y,m,a,k,e,r
b,l,o,o,d,r,a,y,n,e
v,a,m,p,i,r,i,c
man,youll
t,r,a,v,e,l
e,e,r,i,e
s,w,a,m,p
l,o,u,i,s,i,a,n,a
a,r,g,e,n,t,i,n,a
g,e,r,m,a,n,y
h,e,a,v,y
t,h,r,i,l,l,e,r
linear,non
l,i,n,e,a,r
s,u,c,k
b,l,o,o,d
h,e,a,l,t,h
s,l,o,w
z,o,o,m
a,u,r,a
storyline,vision
a,i,d
d,e,a,l,i,n,g
p,u,l,l
f,a,n,t,a,s,t,i,c
a,c,r,o,b,a,t,i,c
b,e,n,d
d,i,s,p,a,t,c,h
b,l,o,o,d,r,a,y,n,e,s
b,l,a,d,e
k,i,c,k
a,w,e,s,o,m,e
nba,face
c,a,r,r,y
arsenal,gun
e,x,p,l,o,s,i,v,e
r,o,c,k,e,t
l,a,u,n,c,h,e,r
f,i,l,l
b,l,o,o,d,l,u,s,t
m,e,t,e,r
a,c,t,i,v,a,t,e
r,a,g,e
d,a,m,a,g,i,n,g
force,defeat
n,a,z,i
m,u,t,a,n,t
a,n,c,i,e,n,t
p,a,r,a,s,i,t,i,c
s,u,c,k,i,n,g
b,e,a,s,t
t,e,r,m,i,n,a,l
m,a,j,e,s,c,o
requirement,minimum,2002
b,r,a,v,e
d,a,n,c,e,r
m,y,t,h,o,l,o,g,y
n,a,t,i,v,e
a,m,e,r,i,c,a
t,e,l,l
c,o,m,i,n,g
a,g,e
journey,american
e,m,b,a,r,k,i,n,g
find,shadow,journey
t,r,i,b,e
v,i,l,l,a,g,e
w,e,n,d,i,g,o
e,n,s,l,a,v,e,d
nightmare,shadow,find
legend,greatest
s,h,a,m,a,n
canada,activision,ever
l,i,v,e,d
h,u,n,t,i,n,g
s,n,a,r,l,i,n,g
w,o,l,f
h,u,g,e
f,o,r,e,s,t
t,o,w,e,r,i,n,g
r,e,d,w,o,o,d
c,a,n,o,e,i,n,g
r,a,g,i,n,g
r,i,v,e,r
r,a,p,i,d
t,r,a,c,k,i,n,g
s,a,s,q,u,a,t,c,h
s,w,i,r,l,i,n,g
b,l,i,z,z,a,r,d
b,a,t,t,l,i,n,g
b,u,f,f,a,l,o
s,t,a,m,p,e,d,e
b,r,e,a,t,h,t,a,k,i,n,g
b,e,a,u,t,i,f,u,l,l,y
r,i,c,h
i,n,h,a,b,i,t,e,d
r,e,m,a,r,k,a,b,l,e
b,i,z,a,r,r,e
t,e,r,r,i,f,y,i,n,g
v,i
e,v,o,l,v,e,d
b,r,o,t,h,e,r
a,r,m
e,a,r,n,e,d
kingdom,chapter
w,w,i,i
skill,article,about
m,e,n
c,o,n,s,e,q,u,e,n,c,e
w,a,r,f,a,r,e
d,e,l,v,e
d,e,e,p,e,r
a,u,t,h,e,n,t,i,c
s,g,t
j,o,e
h,a,r,t,s,o,c,k
s,q,u,a,d
l,e,a,d,e,r
2,n,d
r,e,p,r,e,s,e,n,t
1,0,1,s,t
a,i,r,b,o,r,n,e
s,c,r,e,a,m,i,n,g
p,a,r,a,t,r,o,o,p,e,r
dragon,fire
t,o,r,n
paris,ubisoft,france
u,r,b,a,n
v,e,r,g,e
l,i,b,e,r,a,t,i,n,g
l,a,s,t
r,e,g,i,o,n
delivers,deep
l,i,n,e
f,u,r,t,h,e,r
g,e,a,r,b,o,x
clancys,montreal,ubisoft
available,26
speed,car,road
h,i,l,l
t,e,x,a,s
a,i,m
design,sequel,ii
p,u,t
m,a,t,t
b,a,k,e,r
d
e,u,r,o,p,e,a,n
c,a,m,p,a,i,g,n
m,e,t,i,c,u,l,o,u,s,l,y
r,e,c,r,e,a,t,e,d
r,e,c,o,n,n,a,i,s,s,a,n,c,e
i,m,a,g,e
warrior,army
s,i,g,n,a,l
c,o,r,p
p,h,o,t,o
e,y,e
w,i,t,n,e,s,s
a,c,c,o,u,n,t
n,o,r,m,a,n,d,y
car,point,available
b,u,j,i,n,g,a,i
f,o,r,s,a,k,e,n
car,need,speed
n
op,co
t,a,i,t,o
c,e,l,e,b,r,a,t,e
l,a,t,t,e,r
5,0,t,h
a,n,n,i,v,e,r,s,a,r,y
l,a,u
2,3,r,d
c,e,n,t,u,r,y
d,e,s,t,r,u,c,t,i,o,n
p,o,p,u,l,a,t,i,o,n
return,thing
r,o,l,l,i,n,g
square,under,return
i,n,t,e,r,g,a,l,a,c,t,i,c
s,a,b,b,a,t,i,c,a,l
h,o,r,d,e
i,n,v,a,d,i,n,g
warrior,demon
b,e,g,u,n
o,v,e,r,t,a,k,e
l,a,n,d,s,c,a,p,e
h,e,l,l
20,arsenal
s,p,i,n
s,p,e,l,l
f,e,n,d
p,o,s,s,i,b,i,l,i,t,y
l,a,n,d,i,n,g
requirement,variety,combo
1,0,0,0
b,a,m
many,engine,22
b,u,l,l,y
g,o,i,n,g
a,n,y,m,o,r,e
e,d,g,y
r,o,c,k,s,t,a,r,s
v,a,n,c,o,u,v,e,r
square,girl,come
d,a,r,k
c,o,m,e,d,y
v,i,l,e
s,a,d,i,s,t,i,c
s,e,t,t,i,n,g
article,yet
theft,auto,rockstar
s,c,h,o,o,l,y,a,r,d
t,r,o,u,b,l,e,s,o,m,e
s,c,h,o,o,l,b,o,y
l,a,u,g,h
c,r,i,n,g,e
p,i,c,k,e,d
t,e,a,c,h,e,r
p,r,a,n,k
m,a,l,i,c,i,o,u,s
w,i,n
l,o,s,e
town,article,girl
u,l,t,i,m,a,t,e,l,y
n,a,v,i,g,a,t,e
activision,obstacle
f,i,c,t,i,t,i,o,u,s
r,e,f,o,r,m
student,school
b,u,l,l,w,o,r,t,h
a,c,a,d,e,m,y
b,u,r,n,o,u,t
t,a,k,e,d,o,w,n
i,n,t,r,o,d,u,c,e,s
car,crash
b,u,r,n
c,o,n,c,e,p,t
title,physic,engine
requirement,filled,delivers
s,p,e,c,t,a,c,u,l,a,r
v,i,s,u,a,l,s
o,f,t,e,n
o,n,c,o,m,i,n,g
t,r,a,f,f,i,c
c,l,a,i,m
s,p,o,t
b,o,a,s,t,i,n,g
o,p,p,o,r,t,u,n,i,t,y
b,u,s,y
r,e,w,a,r,d,e,d
r,i,s,k
r,e,s,u,l,t
p,o,u,n,d,i,n,g
e,l,e,c,t,r,i,f,y,i,n,g
c,r,i,t,e,r,i,o,n
d,o,m,i,n,a,t,o,r
b,l,o,o,d,e,d
b,r,u,t,a,l
car,20,test
a,g,g,r,e,s,s,i,v,e
t,e,c,h,n,i,q,u,e
p,e,r,f,o,r,m,i,n,g
b,u,r,n,o,u,t,s
every,camera,give
a,d,v,a,n,t,a,g,e
m,u,l,t,i,p,l,i,e,s
p,o,t,e,n,t,i,a,l
r,i,p
r,u,s,h
l,a,y
r,u,b,b,e,r,n,e,c,k,i,n,g
r,o,a,d,h,o,g
v,e,h,i,c,u,l,a,r
m,a,y,h,e,m
t,r,i,c,k,e,d
ultimate,article,challenging
u,n,l,e,a,s,h
f,r,u,s,t,r,a,t,i,o,n
1,3
c,a,b,e,l,a,s
requirement,every,big
super,hunter
r,e,a,d,y
a,c,t,i,v,i,s,i,o,n,s
s,i,m
a,d,v,a,n,c,e,d
b,e,h,a,v,i,o,r,a,l
i,n,f,l,u,e,n,c,e,d
a,c,t,u,a,l
d,n,r
r,e,s,e,a,r,c,h
would,need,every
s,i,g,h,t
d,a,i,l,y
r,o,u,t,i,n,e
i,d,e,n,t,i,c,a,l
c,o,u,n,t,e,r,p,a,r,t
p,r,e,y
e,f,f,i,c,i,e,n,t,l,y
b,u,l,l,e,t
c,a,m
article,included
thats,article,so
w,a,t,c,h
s,h,o,t
d,e,s,t,i,n,a,t,i,o,n
villain,activision,x
r,a,y
s,c,o,p,e
3,2
r,o,u,n,d
p,a,c,k,a,g,e
m,u,l,t,i,t,u,d,e
f,i,r,e,a,r,m
b,o,w
c,o,m,p,l,e,t,i,n,g
s,a,n,d
g,r,a,i,n
wolverine,neversoft,activision
requirement,minimum,20
c,a,l,l
d,u,t,y
b,r,o,u,g,h,t
g,r,a,y
m,a,t,t,e,r
t,r,e,y,a,r,c,h
made,sequel
r,e,a,l,i,s,m
d,e,s,p,e,r,a,t,e
c,o,m,r,a,d,e,r,y
e,n,t,i,r,e,l,y
c,o,d
o,f,f,e,n,s,i,v,e
f,i,n,e,s,t
car,while,head
f,r,o,n,t,l,i,n,e,s
m,o,m,e,n,t
c,o,n,f,l,i,c,t
r,u,s,s,i,a,n
i,n,f,a,n,t,r,y
c,h,a,r,g,e
s,t,a,l,i,n,g,r,a,d
b,r,i,t,i,s,h
p,p,a
c,o,m,m,a,n,d,o
r,a,i,d
theft,auto,north
a,f,r,i,c,a
l,e,d
b,e,l,g,i,u,m
c,i,t,i,z,e,n
force,soldier
a,l,l,i,a,n,c,e
h,e,l,p,e,d
s,h,a,p,e
m,a,c,h,i,n,e
g,e,r,m,a,n
a,r,m,o,r,y
p,i,s,t,o,l
s,n,i,p,e,r
r,i,f,l,e
g,r,e,n,a,d,e
v,e,r,s,u,s
s,p,a,r,k
u,n,l,i,m,i,t,e,d
1,6
c,a,s,t,l,e,v,a,n,i,a
c,u,r,s,e
d,a,r,k,n,e,s,s
traveller,tale
b,e,t,r,a,y,a,l
article,brand
o,u,t,s,i,d,e
b,e,l,m,o,n,t
c,l,a,n
h,e,c,t,o,r
production,devil
f,o,r,g,e,m,a,s,t,e,r
f,o,r,m,e,r
l,i,e,u,t,e,n,a,n,t
d,r,a,c,u,l,a
a,r,m,e,d
f,o,r,g,e,r,y
t,r,u,s,t,y
a,l,l,y
i,n,n,o,c,e,n,t
support,point,variety
e,v,o,l,v,i,n,g
canada,mile,open
d,o,o,r
f,l,y
c,o,n,q,u,e,r,i,n,g
a,v,o,i,d,i,n,g
p,e,r,i,l,o,u,s
t,r,a,p
s,o,l,v,i,n,g
atari,while,point
s,t,r,e,n,g,t,h
i,n,c,r,e,a,s,e
konamis,tyo,konami
t,y,o
b,a,n,d,i,c,o,o,t
w,r,a,t,h
c,o,r,t,e,x
e,v,e,r,y,o,n,e,s
m,a,r,s,u,p,i,a,l
requirement,minimum,gamecube
d,e,b,u,t
n,e,o
h,a,d
e,n,o,u,g,h
h,a,v,i,n,g
d,e,f,e,a,t,e,d
article,entry,many
villain,universe,super
f,i,n,a,l,l,y
r,i,d
c,r,u,n,c,h
g,e,n,e,t,i,c,a,l,l,y
e,n,g,i,n,e,e,r,e,d
t,r,a,v,e,l,l,e,r
u,n,i,v,e,r,s,a,l
spyro,dragon,platformer
requirement,while,2001
n,i,t,r,o
k,a,r,t
b,r,e,a,k
u,s,u,a,l
p,l,a,t,f,o,r,m,i,n,g
n,e,a,r,l,y
villain,spanning,universe
s,p,a,n,n,i,n,g
while,range
f,u,t,u,r,i,s,t,i,c
v,o,l,c,a,n,o
s,t,a,t,i,o,n
j,u,n,g,l,e
w,i,d,e
h,u,n,t
canada,car,while
c,u,s,t,o,m,i,z,i,n,g
t,r,a,n,s,f,o,r,m,i,n,g
k,a,r,t,s
e,q,u,i,p,p,e,d
m,i,n,e
m,i,s,s,i,l,e
t,o,r,n,a,d,o
v,i,c,a,r,i,o,u,s
h,u,m,i,l,i,a,t,e,d
t,w,i,n,s,a,n,i,t,y
d,r
s,c,h,e,m,i,n,g
d,i,l,a,p,i,d,a,t,e,d
i,c,e,b,e,r,g
l,a,i,r
h,a,t,c,h
s,i,n,i,s,t,e,r
s,e,e,m,i,n,g,l,y
f,r,i,e,n,d,l,y
c,o,m,p,e,t,i,t,i,o,n,w,i,t,h
c,r,u,s,h,i,n,g
h,a,p,l,e,s,s
may,under
r,u,i,n
r,a,c,e,t,r,a,c,k
r,a,d,i,c,a,l
f,r,o,g
l,u,d,i,c,r,o,u,s,l,y
a,n,i,m,a,t,e,d
c,e,l,l,p,h,o,n,e
a,n,n,o,y,a,n,c,e
c,r,i,t,t,e,r
s,o,m,e,t,h,i,n,g
a,d,i,n,g
d,i,n,g
b,i,n,g
b,p,h,a,c,h
b,o,m,m
b,d,o,m
b,o,m
d,d,o,m
d,o,m
b,a,y
b,b,b,o,m
b,o,o,o,o,o,o,o,h,m
b,o,o,h,m
a,h,e,m
d,d,h,o,m
b,d,d,d,d,d
b,r,r,h,h,h,h,d,d,d,d,d,d,d,d,d,d,d,d,d,d,d
b,h,r,r,e,m,d,d,d,d,d,d,d,d,d,d,d
b,h,r,i,m,d,d,d,d,d,d,d,d,d,d
b,h,r,a,n,d,d,d,d,d,d,d,d,d,d,d,d,d,d,d,d
b,h,r,a,m,d,d,d,d,d,d,d,d,d,d,d,d,d,d,d,d
b,o,o,o,h,m
b,o,o,o,o,h,m
b,o,o,o,o,o,o,o,h,h,h,h,h,h,h,h,m
w,h,e,e,e,e,e,e,e,e,e,e,e,e,e,e,e,e,e,e,e,e,e,e,e,e,e,e,e,e,e,e,e,e,e,e,e,e,e,e,e,e,e,e,e,e
n,e,k,o
d,r,i,v,3,r
n,e,w,c,a,s,t,l,e
e,n,g,l,a,n,d
r,e,f,l,e,c,t,i,o,n
car,generation,next
h,o,l,l,y,w,o,o,d
capcoms,capcom,production
v,a,l,u,e
c,o,n,t,i,n,u,a,t,i,o,n
t,a,n,n,e,r
v,o,c,a,l
t,a,l,e,n,t
a,c,t,o,r
m,i,c,k,e,y
r,o,u,r,k,e
m,i,c,h,a,e,l
m,a,d,s,e,n
m,i,c,h,e,l,l,e
r,o,d,r,i,g,u,e,z
v,i,n,g
r,h,a,m,e,s
m,o,d,e,l,i,n,g
l,o,c,a,t,i,o,n
i,s,t,a,n,b,u,l
n,i,c,e
m,i,a,m,i
1,5,0
car,mile
h,i,g,h,w,a,y
requirement,car,model
c,o,n,t,r,o,l,l,a,b,l,e
a,u,t,o,m,o,b,i,l,e
z,budokai,atari
d,t
car,wheel
f,a,s,t,e,s,t
g,a,m,i,n,g
d,e,m,o,l,i,t,i,o,n
t,w,i,n
d,i,r,e,c,t,i,v,e
g,o,o,d
black,need,car
d,o,i,n,g
article,begin
s,e,l,e,c,t,i,n,g
u,n,l,o,c,k,i,n,g
a,i,m,i,n,g
o,u,t,r,a,c,e
requirement,minimum,driver
q,u,i,c,k
t,h,a,t,s
r,u,n
u,n,l,i,k,e
d,a,m,a,g,e
a,f,f,e,c,t
h,a,n,d,l,i,n,g
a,s,p,e,c,t
m,a,k,i,n,g
i,n,t,e,r,e,s,t
k,e,e,p
u,n,d,a,m,a,g,e,d
p,o,s,s,i,b,l,e
i,n,c,r,e,d,i,b,l,y
f,e,w
t,o,y
p,r,e,s,e,n,t
f,r,e,s,h
a,p,p,r,o,a,c,h
e,n,j,o,y
a,x,i,s
d,a,w,n
d,e,c,a,d,e
r,e,v,e,a,l,s
o,r,i,g,i,n
l,e,g,e,n,d
s,w,o,r,d
p,r,e,s,e,r,v,i,n,g
a,t,m,o,s,p,h,e,r,e
skill,ai,fan
k,n,o,w
t,h,e,m,s,e,l,v,e,s
v,i,v,i,d,l,y
s,u,r,r,o,u,n,d,i,n,g,s
r,i,p,e
final,enix,square
e,n,i,x
man,capcom,may
s,e,i,k,e,n
d,e,n,s,e,t,s,u
d,e,f
j,a,m
n,y
man,canada,ultimate
h,i,p
h,o,p
f,u,e,l,e,d
s,t,e,p
s,h,o,e
r,u,t,h,l,e,s,s
canada,need,underground
c,o,m,b,i,n,e,d
c,u,s,t,o,m,i,z,e,d
h,y,b,r,i,d
a,r,t,i,s,t
t,o,d,a,y
b,u,s,t,a
r,h,y,m,e
c,a,r,m,e,n
e,l,e,c,t,r,a
l,i,l
l,u,d,a,c,r,i,s
m,e,t,h,o,d
allows,shadow,man
r,e,d,m,a,n
s,e,a,n
p,a,u,l
s,l,i,c,k
r,i,c,k
s,n,o,o,p
d,o,g,g
d,e,s,t,r,u,c,t,i,b,l,e
e,n,v,i,r,o,n,m,e,n,t,a,l
r,o,w,d,y
s,p,e,c,t,a,t,o,r
i,n,v,o,l,v,e,d
a,k,i
c,o,r,p,o,r,a,t,i,o,n
nba,soccer,canada
wwe,smackdown,wrestling
v,e,n,d,e,t,t,a
s,i,e,g,e
i,n,v,a,s,i,o,n
p,a,n,d,e,m,i,c
f,u,r,o,n,s
i,n,f,i,l,t,r,a,t,e
p,r,o,b,e
t,h,r,o,u,g,h,o,u,t
s,w,i,n,g,i,n,g
s,i,x,t,y
e,x,p,a,n,d,e,d
o,p
c,r,y
d,a,n,t,e
resident,capcoms,capcom
a,w,a,k,e,n,i,n,g
t,h,o,u,s,a,n,d
p,a,s,s,e,d
s,i,n,c,e
koei,omega,warrior
s,p,a,r,d,a
r,a,i,s,e,d
u,n,h,o,l,y
v,i,c,t,o,r,i,o,u,s
a,s,s,u,r,e,d
koei,omega,force
c,o,n,f,i,n,e,d
m,a,n,k,i,n,d
f,a,t,h,e,r,e,d
s,o,n
s,i,r,e,d
d,i,g,i,m,o,n
r,u,m,b,l,e
s,e,l,l,e,r
s,m,a,s,h
b,r,o,s
p,l,e,n,t,y
s,t,a,p,l,e
p,l,a,t,f,o,r,m
i,c,e
l,a,v,a
article,main
p,r,a,c,t,i,c,e
collection,sega,title
c,h,r,o,n,i,c,l,e
d,i,r,g,e
c,e,r,b,e,r,u,s
fantasy,final
f,a,n,t,a,s,y
v,i,i
t,h,r,i,l,l
r,i,d,e
c,o,u,r,t,e,s,y
m,a,s,t,e,r,m,i,n,d
b,r,e,a,k,o,u,t
v,i,n,c,e,n,t
v,a,l,e,n,t,i,n,e
a,d,r,e,n,a,l,i,n,e
r,a,m,p,a,g,e
p,r,o,p,e,l,s
o,n,g,o,i,n,g
u,n,k,n,o,w,n
u,n,s,t,o,p,p,a,b,l,e
a,p,p,e,a,r,s
s,w,i,f,t
b,i,t,t,e,r
p,e,a,c,e
e,n,j,o,y,e,d
future,people
organization,member
e,n,i,g,m,a,t,i,c
t,r,a,p,p,e,d
m,i,d,g,a,r
y,e,a,r,s,—,t,h,e
d,e,e,p,g,r,o,u,n,d
p,u,r,s,u,e,d
future,organization
u,n,r,e,l,e,n,t,i,n,g
c,h,a,i,n
t,r,u,t,h
p,a,s,t,—,a,n,d
k,e,y
i,t,s,e,l,f
l,i,v,i,n,g
d,i,s,g,a,e,a
c,u,r,s,e,d
m,e,m,o,r,y
n,i,p,p,o,n
i,c,h,i,s
f,o,l,l,o,w,u,p
f,o,c,u,s,i,n,g
a,d,e,l,l
r,o,z,a,l,i,n
d,a,u,g,h,t,e,r
z,e,n,o,n
p,r,o,m,i,s,e
z,budokai,dragon
dbz,budokai,z
b,u,d,o,k,a,i
t,e,n,k,a,i,c,h,i
s,p,a,r,k,i,n,g
e,v,e,r,y,t,h,i,n,g
requirement,minimum,made
i,m,p,r,o,v,e
r,a,t,h,e,r
p,a,r,t,i,c,u,l,a,r
s,a,g,a
r,e,t,e,l,l,s
a,l,m,o,s,t
e,n,t,i,r,e
d,b,z
s,c,r,a,t,c,h
b,e,g,i,n,n,i,n,g
a,r,r,i,v,a,l
r,a,d,i,t,z
s,a,i,y,a,n
e,n,d,i,n,g
g,o,k,u,s
b,u,u
m,a,j,o,r
l,i,n,e,u,p
6,0
c,o,m,b,a,t,a,n,t
g,i,n,y,u
g,u,l,d,o
a,n,d,r,o,i,d
s,a,i,y,a,n,s
b,a,d
g,u,y
s,u,r,p,r,i,s,e
g,i,a,n,t
town,article,join
r,e,t,u,r,n,i,n,g
g,o,k,u
g,o,h,a,n
p,i,c,c,o,l,o
t,r,u,n,k
f,r,i,e,z,a
r,e,c,r,e,a,t,e
c,o,m,b,i,n,i,n,g
l,i,g,h,t
article,playing
g,t
w,h,o,l,e
v,a,s,t
v,i,b,r,a,n,t
n,i,n,e
h,a,l,l
f,a,m,e
c,a,s,t
c,h,a,m,p,i,o,n
o,v,e,r,d,r,i,v,e
u,n,p,r,e,c,e,d,e,n,t,e,d
article,allowing
c,u,s,t,o,m,i,z,e
p,a,s,s,w,o,r,d
i,n,t,e,r,n,e,t
d,i,m,p,s
e,x,t,r,e,m,e
r,e,f,i,n,e,d
s,h,a,d,i,n,g
s,t,a,g,e
named,added,bonus
f,u,s,i,o,n
requirement,minimum,unlock
i,n,s,e,r,t,e,d
v,i,i,i
requirement,article,king
r,u,n,n,i,n,g
i,n,h,a,b,i,t
d,i,f,f,e,r
y,o,u,d
n,o,r,m,a,l,l,y
e,n,c,o,u,n,t,e,r
n,a,m,e
s,c,o,u,t,e,d
a,d,d,e,d
g,r,o,w,i,n,g
a,s,s,e,m,b,l,e,d
s,u,p,p,o,r,t
g,r,o,u,n,d
n,i,g,h,t
c,y,c,l,e
article,town
c,o,n,v,e,r,s,a,t,i,o,n
p,a,r,a,l,l,e,l
d,e,f,i,n,i,n,g
a,c,t,i,o,n,d,r,i,v,i,n,g
s,t,r,u,c,t,u,r,e
u,n,f,o,l,d,i,n,g
d,o,u,b,l,e,c,r,o,s,s
d,i,s,t,i,n,c,t
allows,duel
l,o,o,k,i,n,g
k,a,i,j,u,d,o
e,m,b,r,a,c,e
o,f,f,e,r,e,d
s,e,l,f
t,i,t,l,e,d
m,a,r,k,i,n,g
a,p,p,e,a,r,a,n,c,e
v,e,t,e,r,a,n
i,n,v,i,t,e,d
s,o,l,o
article,camera,allows
s,e,e,n
hundred,become,collect
t,r,a,d,e
d,e,c,k
article,career,skill
a,i
c,a,r,d
stick,koei,dynasty
koei,omega
k,o,e,i
l,a,r,g,e,s,t
c,o,n,q,u,e,r
s,m,a,r,t,e,r
a,m,b,i,t,i,o,u,s
t,h,u,s
f,a,r
p,r,o,m,i,s,e,d
requirement,minimum,storyline
n,o,t,i,c,e,a,b,l,e
d,r,a,w
d,i,s,t,a,n,c,e
i,m,p,r,o,v,e,m,e,n,t
b,o,d,y,g,u,a,r,d
s,t,r,o,n,g,h,o,l,d
i,m,p,o,r,t,a,n,t
s,h,i,n
s,a,n,g,o,k,u
m,u,s,o,u
e,m,p,i,r,e
e,s,p,n
court,basketball,nba
2,k,5
sega,segas
b,a,s,k,e,t,b,a,l,l
b,u,d,g,e,t
p,r,i,c,e
m,o,m,e,n,t,u,m
d,i,f,f,e,r,e,n,c,e
p,h,y,s,i,c,a,l
m,a,k,e,u,p
c,o,u,r,t
b,a,s,k,e,t
h,y,p,e,r
s,h,a,d,o,w,i,n,g
l,i,f,e,l,i,k,e
e,x,p,r,e,s,s,i,o,n
p,i,o,n,e,e,r,i,n,g
s,t,a,n,d,a,r,d
intelligence,artificial
i,n,t,e,l,l,i,g,e,n,c,e
d,e,c,i,d,e
i,n,d,e,p,e,n,d,e,n,t,l,y
r,e,a,l,i,s,t,i,c,a,l,l,y
r,e,a,c,t
d,r,i,b,b,l,i,n,g
t,i,m,e,d
p,r,e,s,s
c,a,m,e,r,a
a,n,g,l,e
f,o,l,l,o,w
s,t,a,t
o,v,e,r,l,a,y
v,i,d,e,o,g,a,m,e,s
sonic,sega
g,l,o,b,a,l
2,k,3
p,a,c,e
s,p,a,c,i,n,g
r,u,n,n,e,r
t,h,r,o,w
s,h,o,o,t
p,a,s,s,e,r
p,a,s
d,e,f,e,n,d,e,r
become,rise
t,h,r,o,w,d,o,w,n
f,l,o,o,r
n,o,t,h,i,n,g
article,do
2,4,7
b,a,l,l,e,r
e,n,d,g,a,m,e
article,combine
p,i,c,k
c,i,n,e,m,a,t,i,c
d,e,l,i,v,e,r
g,e,n
e,m
c,u,n,n,i,n,g
e,r,a,g,o,n
n,o,v,e,l
trilogy,film
c,e,n,t,e,r
n,a,m,e,d
w,h,o,s,e
d,e,s,t,i,n,y
r,e,v,e,a,l,e,d
s,w,e,p,t
article,magic
d,i,s,c,o,v,e,r,i,n,g
a,l,o,n,e
u,n,p,a,r,a,l,l,e,l,e,d
f,i,n,i,s,h,i,n,g
g,r,a,p,p,l,e
d,e,g,r,a,d,a,b,l,e
c,o,u,n,t,e,r
h,e,i,g,h,t,e,n,e,d
b,r,e,a,t,h,l,e,s,s
s,u,m,m,o,n
f,i,g,h,t,f,l,i,g,h,t
s,t,o,r,m,f,r,o,n,t
f,i,f,a
article,soccer
0,7
r,o,l,l,e,r,c,o,a,s,t,e,r
t,a,c,t,i,c
article,think
i,n,t,e,l,l,i,g,e,n,t
e,n,s,u,r,e,s
p,i,t,c,h
f,i,n,d,i,n,g
p,a,s,s,i,n,g
o,v,e,r,h,a,u,l
m,e,a,n
u,p,d,a,t,e,d
m,a,n,a,g,e,r
w,a,g,e
t,u,n,e,d
m,a,n,a,g,e,r,i,a,l
t,a,n,g,i,b,l,e
article,performance
w,e,l,f,a,r,e
c,p,u
s,t,r,a,t,e,g,i,c
p,u,r,s,u,i,t
s,i,l,v,e,r,w,a,r,e
tba,snk,article
n,e,e,d
t,o,u,c,h
f,l,u,i,d
k,i,n,e,t,i,c
b,e,c,o,m,e,s
q,u,i,c,k,l,y
a,c,t
o,u,t,s,m,a,r,t
c,o,m,p,e,t,i,t,i,o,n
r,e,a,c,t,s
b,u,t,t,o,n
r,e,s,p,o,n,s,i,v,e,n,e,s,s
d,i,r,e,c,t,l,y
t,r,a,n,s,l,a,t,i,n,g
3,5,0
1,2,0,0,0
o,f,f,i,c,i,a,l,l,y
c,a,r,e,e,r
i,n,t,r,o,d,u,c,e
g,r,i,f,f,i,n
e,v,e,r,y,w,h,e,r,e
a,c,t,i,o,n,a,d,v,e,n,t,u,r,e
s,t,e,w,i,e
b,r,i,a,n
d,o,g
p,e,t,e,r
p,a,t,r,i,a,r,c,h
q,u,a,h,o,g
r,e,l,i,v,e
l,i,k,e,n,e,s,s
v,i,l,l,a,i,n
z,a,k
p,e,n,n
s,l,i,p
a,s,s,u,m,e
p,e,r,s,o,n,a
i,n,d,i,v,i,d,u,a,l
m,r
s,t,r,e,t,c,h
s,q,u,e,e,z,e
t,i,g,h,t
r,e,a,c,h
e,l,s,e
h,e,a,l
i,n,v,i,s,i,b,l,e
p,e,r,f,o,r,m
n,i,n,j,a
i,m,m,o,b,i,l,i,z,e
t,e,l,e,k,i,n,e,t,i,c
t,o,r,c,h
s,u,p,e,r,n,o,v,a
f,i,r,e,b,a,l,l
b,r,u,t,e
o,b,l,i,t,e,r,a,t,e
f,a,t,a,l
f,r,a,m,e
i,i,i
t,o,r,m,e,n,t,e,d
w,o,m,a,n
r,e,i
k,u,r,o,s,a,w,a
o,v,e,r,w,h,e,l,m,i,n,g
g,u,i,l,t
f,i,a,n,c,é
p,e,r,s,i,s,t,e,n,t
n,i,g,h,t,m,a,r,e
b,l,u,r
d,r,e,a,m
r,e,s,p,o,n,s,i,b,l,e
d,e,c,e,p,t,i,o,n
f,a,m,o,u,s
g,h,o,s,t
b,u,s,t,i,n,g
d,e,v,i,c,e
o,b,s,c,u,r,a
t,e,c,m,o
b,o,x,i,n,g
r,i,n,g
w,e,i,g,h,t
c,l,a,s,s
d,e,e,p,e,s,t
b,r,u,t,a,l,i,t,y
s,w,e,e,t
s,c,i,e,n,c,e
b,r,u,i,s,e
s,w,e,l,l,i,n,g
stick,analog,right
stick,analog
s,t,i,c,k
p,u,n,c,h
p,r,o,v,i,d,i,n,g
m,o,v,e,m,e,n,t
m,u,h,a,m,m,a,d
a,l,i
f,r,a,z,i,e,r
s,u,g,a,r
l,e,o,n,a,r,d
c,u,r,r,e,n,t
e,r,i,k
m,o,r,a,l,e
s,h,a,n,e
m,o,s,l,e,y
l,u,m,p
c,o,v,e,r,b,o,y
r,o,y
j,o,n,e,s
j,r
b,e,c,o,m,i,n,g
t,r,a,i,n
o,s,c,a,r
d,e
h,o,y,a
b,o,x,e,r
t,o,e
h,o,p,k,i,n,s
e,s,t,a,b,l,i,s,h
r,i,v,a,l,r,y
p,r,e
p,u,t,t,i,n,g
p,u,r,p,o,s,e
p,a,s,s,i,o,n
c,h,i,c,a,g,o
f,o,l,l,o,w,i,n,g
e,x,p,l,o,i,t
s,u,m,m,o,n,e,r
y,u,n,a
g,u,a,r,d,i,a,n
i,m,m,o,r,t,a,l
s,i,n
s,q,u,a,r,e,s,o,f,t,s
v,o,i,c,e,o,v,e,r,s
w,r,i,t,t,e,n
e,x,p,r,e,s,s,i,v,e,n,e,s,s
h,e,i,g,h,t
f,a,c,i,a,l
a,d,d,i,n,g
s,u,b,t,l,e
u,n,d,e,r,w,a,t,e,r
b,l,i,t,z,b,a,l,l
r,e,d,e,s,i,g,n,e,d
s,p,h,e,r,e
g,r,i,d
x,i,i
l,o,o,m
h,o,r,i,z,o,n
a,r,c,h,a,d,i,a,n
s,u,b,j,u,g,a,t,e
n,e,i,g,h,b,o,r
v,a,a,n
r,a,b,a,n,a,s,t,r,e
h,a,t,e,d
p,l,a,n,n,i,n,g
e,x,a,c,t,i,n,g
p,a,l,a,c,e
b,a,r,g,a,i,n,e,d
p,r,i,n,c,e,s,s
a,s,h,e
s,o,l,e
s,u,r,v,i,v,i,n,g
h,e,i,r
d,a,l,m,a,s,c,a,n
t,h,r,o,n,e
e,m,b,a,r,k
t,r,a,c,i,n,g
s,t,r,e,e,t,w,i,s,e
m,e,t,r,o
s,a,t,u,r,n
h,a,g,g,a,r
c,o,d,y
k,y,l,e
t,r,a,v,e,r,s
s,p,e,n,d,i,n,g
i,n,t,i,m,i,d,a,t,i,n,g
l,o,c,a,l
g,a,n,g
c,l,e,a,n,e,d
n,e,i,g,h,b,o,r,h,o,o,d
s,u,r,r,o,u,n,d,i,n,g
f,i,s,t
r,e,l,y
s,a,y
t,h,e,y,r,e
w,a,r,n,i,n,g
k,i,d,n,a,p,s
d,i,s,o,r,d,e,r
k,y,l,e,s
d,i,s,a,p,p,e,a,r,a,n,c,e
t,h,u,g
f,l,a,t,o,u,t
f,i,l,l,e,d
c,h,e,a,p
r,u,s,t,y
b,a,n,g,e,d
i,n,t,e,n,s,i,v,e
c,l,o,s,e,d
f,i,n,i,s,h
h,o,g
p,r,i,z,e
n,e,c,e,s,s,a,r,y
c,u,t,t,i,n,g
m,o,d,e,l,l,i,n,g
b,u,g,b,e,a,r
requirement,minimum,19
b,r,e,a,k,t,h,r,o,u,g,h
d,r,i,v,e
c,u,s,t,o,m,i,z,a,b,l,e
u,p,g,r,a,d,e,a,b,l,e
h,o,t,s,p,o,t
r,i,s,k,y
r,e,w,a,r,d,i,n,g
a,l,t,e,r,n,a,t,i,v,e
m,i,n,d
f,i,e,r,c,e
p,e,r,s,o,n,a,l
h,i,d,d,e,n
a,g,e,n,d,a
c,r,a,z,e
d,e,r,b,y
r,a,g,d,o,l,l
s,t,u,n,t
p,u,n,i,s,h,i,n,g
p,o,o,r
t,w,e,l,v,e
d,e,l,i,g,h,t,e,d
f,o,r,d
b,o,l,d
e,n,t,r,y
o,n,t,o
angeles,los
a,n,g,e,l,e,s
m,a,t,e
p,o,s,i,t,i,o,n,a,l
1,9,7,0
m,k,1
c,a,p,r,i
r,s,1,6,0,0
s,h,e,l,b,y
5,0,0
r,a,z,o,r,w,o,r,k,s
e,i,d,o,s
5,5
p,r,o,m,i,n,e,n,t
t
m,u,s,t,a,n,g
i,n,t,e,r,a,c,t,i,v,e,s
s,c,e,n,e,r,y
s,n,o,w
m,o,u,n,t,a,i,n
e,u,r,o,p,e
r,a,i,n
s,o,u,t,h
b,o,o,s,t
r,e,l,a,y
c,o,n,t,e,n,d
f,r,o,n,t
e,l,s,a
d,a,r,r,i,l
w,a,n,z,e,r
m,e,c,h,s
b,a,t,t,a,l,i,o,n
a,s,s,i,g,n,e,d
o,c,c,u,r,s
m,e,a,n,w,h,i,l,e
s,m,a,l,l
u,s,c
s,t,a,t,i,o,n,e,d
s,t,r,a,t,e,g,i,c,a,l,l,y
m,a,n,a,g,e
a,p
r,a,n,g,i,n,g
c,r,a,f,t
g,a,l,l,o,p
b,e,t,t,i,n,g
b,r,e,e,d
h,o,r,s,e
p,l,u,s
guitar,redoctane,rock
j,o,c,k
i,n,c,r,e,a,s,e,d
l,u,c,k,y
t,e,c,m,o,s
t,h,e,m,e
p,a,r,k
a,t,t,r,a,c,t,i,o,n
f,r,e,e,l,y
compilation,collection
s,t,a,l,l,i,o,n
y,o,u,v,e
e,a,r,l,y
u,n,t,i,l
r,e,t,i,r,e,m,e,n,t
wwe,smackdown,creation
m,e,m,o,r,i,a,l
e,x,p,a,n,s,i,o,n
f,i,f,t,y
c,o,m,m,e,n,t,a,r,y
p,r,o,v,i,d,e,d
a,n,n,o,u,n,c,e,r
t,s,u,j,i
y,o,s,h,i,n,a,r,i
h,a,c,k,i,n,f,e,c,t,i,o,n
s,e,r,i,a,l
s,i,m,u,l,a,t,e,s
k,i,t,e
t,r,a,v,e,r,s,e
e,f,f,o,r,t
u,n,c,o,v,e,r
i,n,d,u,c,e,d
c,o,m,a
i,m,a,g,i,n,a,t,i,v,e
k,a,z,u,n,o,r,i
i,t,o
s,h,e,l,l
p,a,t,l,a,b,o,r
i,n,f,l,u,e,n,c,e
d,e,s,i,g,n
y,o,s,h,i,y,u,k,i
s,a,d,a,m,o,t,o
e,v,a,n,g,e,l,i,o,n
i,n,f,e,c,t,i,o,n
4,5
m,i,n,u,t,e
d,v,d
h,a,c,k,l,i,m,i,n,a,l,i,t,y
c,a,s,e
m,a,i
m,i,n,a,s,e
requirement,minimum,none
yes,minimum,requirement
explore,yes,minimum
1,8,7
d,i,e
b,l,a,c,k,t,o,p
l,u,d,i,c,r,o,u,s
n,o,t,o,r,i,o,u,s
e,r,u,p,t
s,t,r,a,p,p,e,d
f,i,r,e,p,o,w,e,r
f,e,a,r,l,e,s,s
m,a,d
d,a,s,h
m,u,r,d,e,r,i,n,g
p,r,i,c,e,d
h,o,n,e,y
b,l,i,n,g
m,i,l,l,i,o,n,a,i,r,e
c,r,i,b
r,e,w,a,r,d
s,u,r,v,i,v,e
p,a,r,i,s
2,3
m,o,v,i,n,g
p,l,u,n,g,e,d
r,u,l,e,d
s,e,x
w,e,a,l,t,h
c,o,n,f,r,o,n,t,e,d
a,s,s,o,r,t,m,e,n,t
r,i,s,q,u,e
f,u,n,n,y
h,y,s,t,e,r,i,c,a,l
v,o,d,k,a
t,o,i,l,e,t
m,o,z,a,r,t
b,o,s
a,p,p,l,e
m,o,n,t,e
c,r,i,s,t,o
t,b,a
s,h,a,t,t,e,r,e,d
g,r,a,p,h,i,c,a,l
a,l,t,e,r
e,c,h,o
d,e,m,o
s,a,m,p,l,e,r
o,u,t,r,a,g,e
a,q,u,a
h,u,n,g,e,r
z,o,m,b,i,e
a,m
j,e,a,l,o,u,s,y
s,m,o,l,d,e,r
i,n,s,i,d,e
s,h,a,k,e
c,h,o,c,o,l,a,t,e
f,o,n,d,u,e
p,o,t
f,r,y,l,o,c,k
a,d,m,i,t,t,e,d
j,e,r,s,e,y
p,i,n,e
p,r,e,s,t,i,g,i,o,u,s
explore,exclusive
p,u,b,l,i,c
g,o,l,f
m,e,a,t,w,a,d
c,a,d,d,y
c,r,a,c,k
s,i,n,k
p,u,t,t
d,e,f,e,a,t,i,n,g
c,r,e,a,t
a,r
t,o,n,e,l,i,c,o
m,e,l,o,d,y
e,l,e,m,i,a
s,o,l
c,o,n,s,i,s,t,i,n,g
f,l,o,a,t,i,n,g
t,o,w,e,r
s,e,a
c,l,o,u,d
a,b,o,v,e
p,l,a,s,m,a
b,e,l,o,w
l,a,i,n,a
b,a,r,s,e,l,t
e,i,g,h,t,e,e,n
f,a,t,h,e,r
g,o,v,e,r,n,s
p,l,a,t,i,n,a
u,n,i,n,t,e,r,e,s,t,e,d
p,o,l,i,t,i,c,s
i,n,s,t,e,a,d
s,e,e,k
h,e,r,o,i,n,e
s,p,e,c,i,e
r,a,v,a,t,e,e,l
s,i,n,g
c,a,u,s,e
p,a,i,n
p,e,r,f,o,r,m,e,r
l,o,v,e,d
b,a,n,p,r,e,s,t,o
r,a,v,e,n
p,r,e,p,a,r,e,d
a,n,t,i,c,i,p,a,t,i,o,n
1,0,t,h
r,o,o,t
e,x,p,e,r,i,m,e,n,t,a,l
v,a,r,y,i,n,g
d,i,f,f,i,c,u,l,t,y
p,e,r,i,o,d
s,e,l,e,c,t,a,b,l,e
t,y,p,i,c,a,l
l,o,t
p,r,e,s,e,n,t,e,d
s,u,b,s,e,q,u,e,n,t
u,n,f,o,l,d
f,o,r,m,u,l,a
a,s,t,r,o
c,a,r,t,o,o,n
j,a,p,a,n,e,s,e
o,s,a,m,u
t,e,z,u,k,a
1,9,5,0,s
m,a,n,g,a
r,e,l,a,t,i,v,e,l,y
l,e
s,p,e,c,i,f,i,c,a,l,l,y
y,u,j,i
n,a,k,a
s,o,n,i,c
p,e,r,s,p,e,c,t,i,v,e
e,n,a,b,l,i,n,g
r,e,p,l,e,t,e
theft,grand,auto
m,o,d,e,l,l,i,s,t,a
c,a,p,c,o,m,s
c,e,l
s,h,a,d,e,d
n,u,m,e,r,o,u,s
c,o,u,s,i,n
n,o,r,m,a,l
theft,grand
6,9
o,p,e,n,i,n,g
r,e,p,l,a,y
p,h,y,s,i,c
m,u,s,i,c,a,l
s,e,l,e,c,t,i,o,n
g,r,i,p
g,a,r,a,g,e
v,j
t,h,e,a,t,e,r
e,d,i,t
d,i,r,e,c,t
b,a,r,o,q,u,e
a,w,a,k,e,n
b,e,s,e,t
u,n,e,x,p,l,a,i,n,e,d
c,a,t,a,c,l,y,s,m
d,i,s,f,i,g,u,r,e,d
f,a,l,l
d,e,s,c,e,n,d
a,b,s,o,l,u,t,i,o,n
m,e,r,c,i,l,e,s,s
f,o,e
t,r,e,a,c,h,e,r,o,u,s
d,u,n,g,e,o,n
s,c,o,u,r
d,e,v,a,s,t,a,t,e,d
l,a,n,d
t,w,i,s,t,e,d
s,t,i,n,g
b,e,a,t,m,a,n,i,a
r,e,v,o,l,u,t,i,o,n,a,r,y
p,u,l,s,a,t,i,n,g
u,t,i,l,i,z,i,n,g
s,p,e,c,i,a,l,l,y
c,o,n,t,r,o,l,l,e,r
f,e,e,l
v,i,b,e
d,r,o,p
p,u,l,s,i,n,g
c,l,u,b
b,u,z,z
m,e,g,a
q,u,i,z
c,o,n,t,e,s,t,a,n,t
p,o,d,i,u,m
g,e,n,e,r,a,l
k,n,o,w,l,e,d,g,e
r,e,c,e,i,v,i,n,g
5,0,0,0
p,o,r,t,f,o,l,i,o
c,e,l,e,b,r,i,t,y
p,r,e,m,i,e,r,e
a,t,t,e,n,d,e,d
i,l,l,u,s,t,r,a,t,e
m,e,t
s,p,i,c,i,n,g
p,o,p
t,r,i,v,i,a
s,u,p,e,r,h,e,r,o
s,p,i,e,l,b,e,r,g
s,e,g,a,l
i,f
s,u,p,r,e,m,o
s,t,u,d,d,e,d
i,n,s,t,a,l,m,e,n,t
s,o,c,i,a,l
t,r,a,n,s,f,o,r,m,s
r,o,o,m
f,l,i,c,k
s,w,i,t,c,h
r,o,l,l
s,t,a,c,k
b,i,t,e
l,l
t,i,n,s,e,l,t,o,w,n
g,a,m,e,s,h,o,w
i,m,p,r,e,s,a,r,i,o
h,e,r,e
r,u,b,b,i,n,g
s,h,o,u,l,d,e,r
h,o,b,n,o,b,b,i,n,g
r,o,y,a,l,t,y
c,e,r,e,m,o,n,y
h,a,s,n,t
l,o,s,t
l,i,g,h,t,n,i,n,g
a,s,i,d,e
b,u,z,z,e,r
u,s,b
s,l,a,m,m,i,n,g
f,a,s,t,e,r
c,o,n,t,e,s,t
l,a,m,e,n,t
i,n,n,o,c,e,n,c,e
k,o,n,a,m,i,s
f,a,m,e,d
v,a,m,p,i,r,e
l,o,r,d
c,o,n,n,e,c,t,s
l,i,n,e,a,g,e
a,d,v,e,n,t,u,r,e,r
t,r,a,d,e,m,a,r,k
w,h,i,p
c,r,a,c,k,i,n,g
c,o,m,b,i,n,a,t,i,o,n
m,a,k,e,r
v,i,v,i,d
o,r,c,h,e,s,t,r,a,l
f,l,o,o,d
d,o,l,b,y
s,u,r,r,o,u,n,d
s,y,m,p,h,o,n,y
c,h,a,o,s
i,d,e,a
f,a,c,t,o,r,y
s,t,o,r,m
f,e,a,r,e,d
o,p,e,r,a,t,i,o,n
s,a
d,e,l,t,a
t,r,a,i,n,e,d
o,r,g,a,n,i,s,e,d
y,o,u,r,s
l,o,c,a,t,e
t,a,r,g,e,t
p,e,r,s,o,n,n,e,l
c,o,n,f,u,s,i,o,n
s,u,p,p,l,y
l,i,f,e,t,i,m,e
o,p,e,r,a,t,i,v,e,l,y
s,c,r,i,p,t,e,d
s,c,i
g,o,t,h,a,m
t,a,x,i
b,u,c,k,l,e
s,h,e,e,r
a,s,p,h,a,l,t
a,n,a,r,c,h,y
s,c,r,e,e,c,h
h,i,l,a,r,i,o,u,s
j,a,u,n,t
c,a,b,b,i,e
a,t,t,i,t,u,d,e
r,a,c,k
b,u,c,k
s,h,i,f,t
p,a,s,s,e,n,g,e,r
p,e,e,l
r,u,b,b,e,r
a,l,l,e,y
c,o,l,l,e,c,t,i,n,g
c,a,s,h
g,o,t
t,a
b,e,n,d,i,n,g
l,a,w
l,i,t,t,l,e
s,h,a,r,p,e,n
s,e,n,s
d,o,n,t
c,o,o,l
h,i,t,m,a,k,e,r
c,u,r,i,o,u,s
g,e,o,r,g,e
m,e,e,t
g,r,e,e,t
i,m,a,g,i,n,e
h,a,t
a,r,t,i,f,a,c,t
u,n,e,x,p,e,c,t,e,d
c,a,r,g,o
p,r,i,m,a,t,e
c,l,i,m,b
s,w,i,n,g
s,p,u,n,k,y
f,u,n
l,o,v,i,n,g
n,a,t,u,r,e
e,n,d,e,a,r,s
m,i
b,u,s,i,n,e,s,s
m,u,s,e,u,m
b,u,l,l,d,o,z,e,r
d,o,n,e
b,a,r
d,e,a,d
s,l,a,t,e
c,o,p
s,e,n,t,e,n,c,e,d
d,a,r,i,n,g
i,r,o,n
m,a,x,i,m,u,m
s,e,c,u,r,i,t,y
p,e,n,e,t,e,n,t,i,a,r,y
c,r,i,m,i,n,a,l
f,r,a,m,e,d
j,u,s,t,i,c,e
n,o,i,r
i,n,s,p,i,r,e,d
c,h,a,r,g,e,d
j,a,w
d,r,o,p,p,i,n,g
h,a,r,d
b,o,i,l,e,d
s,t,o,r,y,t,e,l,l,i,n,g
r,a,i,s,e
i,n,v,i,t,e
h,a,r,d,c,o,r,e
b,r,a,w,l,i,n,g
p,r,o,p
h,o,o,k
s,u,p,r,e,m,a,c,y
1,5,0,0
s,i,g,n,a,t,u,r,e
t,a,u,n,t
c,h,a,n,c,e
a,d,v,a,n,c,e
c,r,o,w,d
o,v,e,r,t,h,r,o,w
m,o,b
h,i,r,o,y,u,k,i
k,o,b,a,y,a,s,h,i
m,i,x,i,n,g
f,e,u,d,a,l
s,w,o,r,d,p,l,a,y
a,n,a,c,h,r,o,n,i,s,t,i,c
c,h,a,o,t,i,c
m,a,r,c,u,s
d,a,m,o,n
s,m,a,r,t
u,n,d,e,f,e,a,t,e,d
d,o,e
s,e,c,r,e,t,i,v,e
d,a,t
e,x,a,m,i,n,e
a,r,r,i,v,e
w,r,e,a,k,i,n,g
m,i,s,s,i,n,g
d,e,a,d,l,y
m,i,n,i,o,n
b,e,c
s,u,r,v,i,v,o,r
d,i,n,o
s,t,a,l,k,e,r
g,o,n,e
h,a,y,w,i,r,e
l,t
m,i,k,e
w,i,r,e,d,s
p,l,a,n,e
d,o,g,f,i,g,h,t
a,t,l,a,n,t,i,c
f,o,r,c,e,d
e,j,e,c,t
s,u,d,d,e,n,l,y
e,n,v,e,l,o,p,e,d
b,l,i,n,d,i,n,g
w,h,i,t,e
g,u,i,d,e,d
t,o,w,a,r,d,s
o,m,i,n,o,u,s
c,h,a,n,g,e,d
d,i,s,t,a,n,t
m,o,a,n
s,t,r,a,n,g,e
u,n,f,a,m,i,l,i,a,r
t,h,u,n,d,e,r,i,n,g
r,o,a,r
c,r,a,s,h,i,n,g
i,m,p,o,s,s,i,b,l,e
f,a,t,e
h,e,r,o,l,o,s,t
o,n,s,l,a,u,g,h,t
p,r,e,h,i,s,t,o,r,i,c
f,e,r,o,c,i,o,u,s
w,a,l,k
s,u,r,v,i,v,a,l
e,n,t,h,u,s,i,a
m,u,c,h
s,p,e,n,d
h,o,o,d
h,u,n,d,r,e,d
v,i,n,t,a,g,e
m,a,n,u,f,a,c,t,u,r,e,r
a,m,a,t,e,u,r
e,m,p,h,a,s,i,z,e,s
p,u,r,e
s,p,e,n,t
e,v,e,r,b,l,u,e
e,x,p,l,o,r,e
d,i,v,i,n,g
l,e,o
z,u,c,c,o
c,a,r,i,b,b,e,a,n
b,e,r,m,u,d,a
t,r,i,a,n,g,l,e
c,o,r,a,l
r,e,e,f
i,n,t,h,i,s
e,x,p,a,n,s,i,v,e
s,u,n,k,e,n
t,r,e,a,s,u,r,e
d,o,l,p,h,i,n
w,a,n,d,e,r
a,v,o,i,d
s,h,a,r,k
a,r,i,k,a
r,e,g,e,n,e,r,a,t,i,o,n
a,s,h
l,o,n,e
n,e,c,r,o,n,o,m,i,c,o,n
w,h,o,l,l,y
b,o,o,k
t,h,o,u,g,h,t
m,u,r,d,e,r,e,d
a,r,r,e,s,t,e,d
c,o,n,v,i,c,t,e,d
s,u,n,n,y
m,e,a,d,o,w
i,n,s,t,i,t,u,t,e
c,r,i,m,i,n,a,l,l,y
i,n,s,a,n,e
p,e,a,c,e,f,u,l
s,t,a,y
t,h,a,n,k,s
p,e,r,v,e,r,t,e,d
e,x,p,e,r,i,m,e,n,t
p,s,y,c,h,i,a,t,r,i,s,t
r,e,i,n,h,a,r,d
b,e,n,t
n,e,c,r,o,n,o,m,i,c,o,n,s
u,n,l,e,a,s,h,e,s
r,e,l,e,a,s,i,n,g
s,l,e,w
d,e,a,d,i,t,e,s
h,e,l,l,i,s,h
s,t,r,u,d,e,l
a,p,o,c,a,l,y,p,t,i,c
f,e,e,l,i,n,g
c,r,a,n,k,y
p,a,n,t
f,1
a,d,m,i,n,i,s,t,r,a,t,i,o,n
l,i,m,i,t,e,d
f,i,a
a,f,i,c,i,o,n,a,d,o
u,n,f,o,l,d,s
a,r,c,h,i,v,e
v,o,l,u,m,e
s,n,k,s
b,e,l,o,v,e,d
playmore,snk
d,o,d,g,e
h,a,r,m
c,h,a,l,l,e,n,g,e,r
p,l,a,y,m,o,r,e
c,o,m,p,i,l,a,t,i,o,n
b,o,u,t
n,e,w,c,o,m,e,r
f,l,a,i,r
f,u,r,i,o,u,s
a,d,d,i,c,t,i,v,e
c,h,e,v,y
e,v,o,k,e
s,t,r,o,n,g,e,r
e,m,o,t,i,o,n,a,l
r,e,a,c,t,i,o,n
o,l,d,e,s,t
m,o,t,o,r,s,p,o,r,t,s
a,p,p,e,a,l
t,e,n
o,w,n,e,r
n,a,s,c,a,r
w,e,s,t,i,n,g,t,o,n
r,e,s,i,d,e,n,t
t,y,r,o,n,e
e,d,d,i,e
o,l,s,o,n
s,t,a,r,t,e,d
e,a,r,l,i,e,s,t
m,o,t,o,r,i,n,g
4,9,0
g,r,e,w
s,o,o,n
c,u,p
b,o,r,n
w,e
d,e,f,e,n,d
p,r,i,d,e
4,8
h,o,t,t,e,s,t
e,u,t,e,c,h,n,y,x
n,i,n,t,e,n,d,o
w,i,i
j,a,y
w,a,r,d
g,r,a,b
c,r,a,v,e
turismo,polyphony,gran
polyphony,turismo
p,r,o,l,o,g,u,e
b,o,x
t,e,a,s,e,r
p,r,o,c,l,a,i,m,s
c,o,m,p,a,c,t
g,t,4
s,n,e,a,k
l,i,m,i,t
p,r,o,d,u,c,t
e,x,p,r,e,s,s
l,a,t,e,s,t
t,e,c,h,n,o,l,o,g,y
p,o,l,y,p,h,o,n,y
a,c,c,u,m,u,l,a,t,e,d
p,a,s,t
g,t,4,s
c,o,u,l,d,n,t
b,e,a,r
w,a,i,t
t,o,k,y,o
g,e,n,e,v,a
a,c,c,e,s,s,i,b,l,e
b,r,o,a,d,e,n
a,i,m,e,d
i,n,v,e,s,t,m,e,n,t
s,l,i,g,h,t,l,y
d,a,u,n,t,i,n,g
t,h,e,r,e,f,o,r,e
a,b,a,n,d,o,n
f,a,v,o,u,r
i,n,s,t,a,n,t
f,i,x
i,n,e,x,p,e,r,i,e,n,c,e,d
g,a,m,e,r
a,c,c,e,l,e,r,a,t,e
a,w,a,y
t,h,e,f,t
diego,san
a,n,d,r,e,a,s
v,i,c,e
g,r,i,m,g,r,i,m,o,i,r,e
l,i,l,l,e,t
b,l,a,n
m,a,g,i,c,i,a,n
m,y,s,t,i,c,a,l
m,y,s,t,e,r,i,o,u,s,l,y
d,i,s,s,a,p,e,a,r,s
l,e,l,l,e,t
a,w,a,k,e,n,s
s,h,e,s
i,n,t,a,c,t
g,i,v,i,n,g
d,i,s,a,p,p,e,a,r,e,n,c,e,s
t,r,a,g,e,d,y
o,c,c,u,r,i,n,g
v,a,n,i,l,l,a,w,a,r,e
g,u,i,l,t,y
1,9,9,8,s
b,e,c,a,m,e
e,x,t,r,e,m,e,l,y
b,e,a,u,t,i,f,u,l
a,r,t,w,o,r,k
b,a,l,a,n,c,e,d
a,s,p,i,r,e,s
a,r,c
s,a,m,m,y
x,2
r,e,v,i,v,e,s
s,k,i,l,l,e,d
t,h,w,a,r,t
clancys,terrorist,threat
o,u,t,r,a,g,e,o,u,s
p,s,y,c,h
b,u,r,s,t
f,a,u,l,t,l,e,s,s
g,a,u,g,e
d,e,v,a,s,t,a,t,e
p,o,p,p,i,n,g
g,a,t,l,i,n,g
r,o,m,a,n
c,a,n,c,e,l
k,i,l,l
y,e,s
h,a,r,r,y
p,o,t,t,e,r
g,o,b,l,e,t
w,a,r,n,e,r
s,e,l,e,c,t,e,d
t,r,i,w,i,z,a,r,d
c,o,n,f,r,o,n,t
b,r,e,a,t,h,i,n,g
i,c,y
b,l,a,c,k
l,a,k,e
e,n,c,h,a,n,t,e,d
m,a,z,e
q,u,i,d,d,i,t,c,h
c,a,m,p,s,i,t,e
v,o,l,d,e,m,o,r,t
r,o,n
h,e,r,m,i,o,n,e
m,o,d,e,l,e,d
c,a,s,t,i,n,g
w,a,n,d
o,p,e,r,a,t,i,v,e
p,r,o,d,u,c,e
h,a,v,e,n
t,r,u,l,y
g,r,o,u,n,d,b,r,e,a,k,i,n,g
u,n,b,e,l,i,e,v,a,b,l,e
p,l,a,y,e,d
l,i,b,e,r,a,t,e
t,y,r,a,n,n,y
e,n,s,l,a,v,e,m,e,n,t
f,r,e,e,d,o,m
s,e,a,m,l,e,s,s
t,r,a,n,s,i,t,i,o,n
t,u,r,r,e,t
b,o,a,t
g,l,a,d,i,a,t,o,r
e,x,p,l,o,r,a,t,i,o,n
t,e,n,n,i,s
m,u,l,t,i,t,a,p
c,a,t,e,r,s
c,a,s,u,a,l
o,f,f,e,r,i,n,g
w,a,c,k,y
e,x,o,t,i,c
b,r,i,l,l,i,a,n,t
g,r,o,w,n
b,e,a,c,h
s,h,o,r,t,a,g,e
i,n,c,o,r,p,o,r,a,t,i,n,g
i,d,e,a,l
s,t,r,o,k,e
c,l,a,p
h,a,n,z
v,e,l,o,c,i,t,y
m,o,n,u,m,e,n,t
b,l,a,z,i,n,g
l,o,o,p
b,a,n,k,e,d
m,i,s,s,i,o,n,b,a,s,e,d
m,a,r,v,e,l
i,n,d,e,s,t,r,u,c,t,i,b,l,e
b,l,a,s,t
a,d,a,p,t,a,t,i,o,n
i,m,m,e,r,s,e,s
t,o,n,y
s,t,a,r,k
i,n,d,u,s,t,r,i,a,l,i,s,t
i,n,v,e,n,t,o,r
t,o,u,g,h,e,s,t
i,m,p,a,c,t
b,l,o,w
m,a,s,s
a,2,m
j,a,m,e,s
b,o,n,d
0,0,7
n,i,g,h,t,f,i,r,e
i,n,s,p,i,r,a,t,i,o,n
s,p,y
c,o,r,r,u,p,t
b,u,s,i,n,e,s,s,m,a,n
h,a,t,c,h,e,d
t,e,r,r,o,r,i,s,t
o,c,e,a,n
s,o,a,r,i,n,g
k,a,r,a,o,k,e
s,i,n,g,i,n,g
r,e,q,u,i,r,e,s
m,a,r,k
p,a,d
n,o,t,e
s,c,r,o,l,l
o,c,c,a,s,i,o,n,a,l
d,i,r,e,c,t,i,o,n,a,l
a,r,r,o,w
d,i,r,e,c,t,i,o,n
a,e,r,o,b,i,c
i,n,s,a,n,i,t,y
d,d,r
e,a,s,i,l,y
s,w,e,a,t
f,r,a,n,t,i,c,a,l,l,y
t,r,y
c,h,o,r,e,o,g,r,a,p,h,y
k,r,p
c,a,r,o,l,i,n,e
w,a,n,t
h,u,r,t
m,e
i
w,a,n
guitar,harmonix
l,u,m,i,n,e,s
q
i,n,n,o,v,a,t,i,v,e
p,u,z,z,l,e,m,u,s,i,c
s,k,i,n
d,i,s,n,e,y
2,7
l,u,p,i,n
3,r,d
s,o,r,c,e,r,e,r
a,d,u,l,t
s,w,i,m
h,e,i,s,t
b,u,s,t,y
b,r,u,n,e,t,t,e
t,h,i,e,f
p,a,n,a,c,h,e
c,o,m,m,i,t,t,i,n,g
a,c,c,o,m,p,l,i,s,h,e,d
c,a,t
b,u,r,g,l,a,r
w,o,u,l,d
p,r,o,u,d
l,o,o,t
g,a,t,h,e,r
c,l,u,e
t,a,c,k,l,e
j,i,g,e,n
g,o,e,m,o,n
f,u,j,i,k,o
b,e,c,o,m,e
n,o,1
c,g,i
p,e,r,f,o,r,m,e,d
m
n,e,a,r
f,u,t,u,r,e
a,n,y,t,h,i,n,g
b,l,u,e,p,r,i,n,t
s,t,r,a,i,g,h,t,e,n
t,r,u,s,h
c,h,e,e,r,f,u,l
j,o,i,n,i,n,g
e,a,c,h,i,e
f,o,u,r,t,e,e,n
f,r,i,t,z
d,o,e,s,n,t
o,d,y,s,s,e,y
e,x,p,e,c,t
p,r,e,s,e,n,c,e
w,e,v,e
u,n,m,i,s,t,a,k,a,b,l,e
s,e,p,a,r,a,t,e
w,o,n,t
z,e,o,n
f,e,d,e,r,a,t,i,o,n
m,v,p
b,a,s,e,b,a,l,l
p,i,t,c,h,e,r,b,a,t,t,e,r
i,n,t,e,r,f,a,c,e
m,o,u,n,d
p,l,a,t,e
r,i,c,k,y
c,a,r,m,i,c,h,a,e,l
s,t,a,b
s,o,l,i,d
m,o,t,o,c,r,o,s,s
p,a,c,i,f,i,c
c,o,a,s,t
p,c,l
m,a,f,i,a
1,9,3,0,s
l,o,w,l,y
d,r,e,s,s,e,d
f,o,o,t,s,o,l,d,i,e,r
e,n,v,i,e,d
z,o,o,t
e,n,f,o,r,c,e,r
g,e,t,a,w,a,y
s,t,r,u,g,g,l,e
s,a,l,i,e,r,i
s,u,b
l,a,r,g,e
s,h,o,o,t,o,u,t
u,n,s,a,v,o,r,y
t,a,s,k
h,a,n,d,s,o,m,e,l,y
p,o,r,t,e,d
s,o,f,t,w,o,r,k,s
g,a,t,h,e,r,i,n,g
m,a,g,n,a
c,a,r,t,a
w,e,s,t,e,r,n
s,t,y,l,e,d
k,o,r,e,a,n
s,o,f,t,m,a,x
k,o,r,e,a
s,a,r,c,a,s,t,i,c
c,a,l,i,n,t,z
j,e,r,e,v,i,n,a,n
h,o
s,h,u,d,e,l,m,i,r
o,v,e,r,r,u,n
d,i,s,a,s,t,e,r
a,d,o,r,a
f,r,o,s,t,y
j,u,c,l,e,s,i,a
g,i,g,a,n,t,i,c
p,o,w,e,r,e,d
a,s,u,r,a
a,c,t,i,v,e
a,t,t,a,c,h
m,a,n,u,e,v,e,r
t,r,e,m,e,n,d,o,u,s
f,f
5,0,5
c,r,i,m,s,o,n
s,t,i,g,m,a
m,a,x
p,a,y,n,e
r,e,m,e,d,y
s,t,y,l,i,s,h
r,e,v,a,m,p,e,d
e,n,s,u,r,e,d
t,r,a,g,i,c
n,o,t,c,h
q,u,a,l,i,t,y
a,c,t,i,n,g
r,o,l,l,e,r
c,o,a,s,t,e,r
v,i,e,n,n,a
p,a,c,k
m,a,r,k,e,t
i,n,d,i,v,i,d,u,a,l,l,y
e,n,t,e,r,p,r,i,s,e
r,a,n,c,h,e,r
e,v,o
b,r,e,e,d,i,n,g
i,n,t,r,i,c,a,t,e
p,h,a,s,e
j,u,l,i,o
c,i,r,c,u,s
b,r,e,e,d,e,r
t,r,a,v,e,l,i,n,g
c,a,r,a,v,a,n
m,o,t,o,g,p
m,o,t,o,g,p,3
s,t,r,a,p
t,a,p
o,p,t,i,o,n,a,l
b,r,a,k,e
a,s,s,i,s,t
c,o,c,k,p,i,t
v,i,e,w
s,t,a,t,s
m,o,t,o
g,p
n,a,r,c
a,c,t,i,o,n,e,r
s,t,y,l,i,z,e,d
b,a,c,k,d,r,o,p
d,u,a,l
f,o,r,z,e,n,s,k,i
c,a,r,t,e,l
k,r,a,k
p,o,l,i,c,e
a,u,t,h,o,r,i,t,y
n,a,r,c,o,t,i,c
i,l,l,e,g,a,l
d,e,a,l,e,r
a,b,i,d,i,n,g
t,h,u,n,d,e,r
e,m,o,t,i,o,n
p,i,l,e,u,p
s,m,o,k,e
c,o,n,s,t,a,n,t
n,e,r,v,e
l,e,g,a,c,y
s,u,p,e,r,s,t,a,r,d,o,m
t,o,t,a,l,l,y
a,u,d,i,o
h,o,o,p
h,e,a,p,i,n,g
d,o,s,e
r,e,c,r,e,a,t,i,o,n
a,c,c,u,r,a,t,e,l,y
e,a,s,y
a,d,j,u,s,t,i,n,g
s,l,i,d,e,r
s,i,m,p,l,i,f,i,e,d
s,c,h,e,m,e
f,o,r,m,a,t,i,o,n
i,n,t,e,g,r,a,t,e,s
i,m,p,o,r,t
c,o,l,l,e,g,e
f,l,a,s,h,y
v,i,c,t,o,r,y
t,r,i,c,k
g,a,m,e,b,r,e,a,k,e,r
s,t,u,f,f
s,t,r,e,e,t,b,a,l,l
r,o,s,t,e,r
l,a,d,d,e,r
s,s,x
n,u,f,x
n,c,a,a
i,n,s,a,n,e,l,y
m,a,d,d,e,n
c,a,p,t,u,r,i,n,g
t,r,a,d,i,t,i,o,n
a,t,m,o,s,p,h,e,r,i,c
d,e,t,a,i,l
m,a,s,c,o,t
t,u,n,n,e,l
p,r,e,s,e,n,t,a,t,i,o,n
e,n,t,r,a,n,c,e
n,o,t,r,e
d,a,m,e
g,r,o,z,a
m,a,x,w,e,l,l
h,i,s,t,o,r,i,c
1,9,2,0,s
1,9,3,0
n,h,l
0,6
r,o,o,s,t,e,r
n,a,t,i,o,n,a,l
h,o,c,k,e,y
0,5
d,e,k,i,n,g
t,e,r,m
f,a,k,e
f,a,n,c,y
d,i,s,t,r,a,c,t
g,o,a,l,k,e,e,p,e,r
d,r,a,w,b,a,c,k
r,e,g,u,l,a,r,l,y
t,r,a,d,i,t,i,o,n,a,l
p,r,e,s,s,u,r,e
s,p,o,n,s,o,r
p,h,i,l,o,s,o,p,h,y
t,h,e,y,v,e
t,w,e,a,k,e,d
s,i,z,e
t,r,a,d,i,t,i,o,n,a,l,l,y
a,c,t,u,a,l,l,y
s,m,a,l,l,e,r
s,c,o,r,e,r
i,n,d,e,e,d
t,h,i,n,n,e,r
o,v,e,r,a,l,l
a,m,a,z,i,n,g
g,m
g,r,a,p,p,l,i,n,g
s,i,m,p,l,e
m,a,s,h,i,n,g
f,i,s,t,f,i,g,h,t
s,t,a,d,i,u,m
3,9
s,w,e,d,e,n
f,i,n,l,a,n,d
h,o,n,o,r
8,0
g,e,n,e,r,a,t,i,o,n
s,t,a,n,d,i,n,g
e,x,c,e,p,t
q,u,a,r,t,e,r
r,e,q,u,i,r,e,d
p,a,c
g,a,l,a,g,a
g,a,l,a,x,i,a,n
d,i,g
d,u,g
p,o,l,e
p,o,s,i,t,i,o,n
r,a,l,l,y
b,o,s,c,o,n,i,a,n
x,e,v,i,o,u,s
m,a,p,p,y
e,c,l,i,p,s,e
c,r,o,s,s,o,v,e,r
h,e,n,c,e
p,r,o,n,o,u,n,c,e,d
m,o,n,o,l,i,t,h
j,p
h,a,n,d,b,o,o,k
e,n,t,i,t,l,e,d
p,u,r,c,h,a,s,e
h,o,n,d,a
m,i,t,s,u,b,i,s,h,i
t,o,y,o,t,a
v,o,l,k,s,w,a,g,e,n
n,i,s,s,a,n
n,i,g,h,t,t,i,m,e
c,i,t,y,s,c,a,p,e
d,o,d,g,i,n,g
n,a,v,i,g,a,t,i,n,g
s,h,o,r,t,c,u,t
c,h,a,n,g,i,n,g
r,i,m
s,t,i,c,k,e,r
p,a,i,n,t,j,o,b
d,r,i,f,t
d,r,a,g
o,b,s,c,u,r,e
a,f,t,e,r,m,a,t,h
g,r,u,e,s,o,m,e
d,i,s,c,o,v,e,r,y
p,l,a,n,t
c,a,m,p,u,s
w,o,r,s,e
s,t,u,d,e,n,t
h,y,d,r,a,v,i,s,i,o,n
i,g,n,i,t,i,o,n
p,l,a,y,l,o,g,i,c
p,e
t,e,a,m,v,i,s,i,o,n
a,d,a,p,t,s
a,l,w,a,y,s
f,o,r,c,i,n,g
l,e,a,r,n,s
w,e,a,k,n,e,s,s
r,e,p,e,t,i,t,i,v,e
e,l,e,v,e,n
r
e,q,u,i,p,s
d,o,c,k
s,h,i,e,l,d
c,o,l,l,i,d,e
e,v,e,n,t,u,a,l,l,y
u,p,s
u,n,l,o,c,k,e,d
i,r,e,m
e,n,g,i,n,e,e,r,i,n,g
clank,ratchet
c,l,a,n,k
w,i,n,g,e,d
o,k
i,n,s,o,m,n,i,a,c
c,r,e,a,t,o,r
s,p,y,r,o
a,n,n,o,u,n,c,e,d
m,o,n,t,h
b,a,t,l,i,k,e
r,o,b,o,t
l,i,t,e,r,a,l,l,y
f,l,a,m,e,t,h,r,o,w,e,r
g,l,o,v,e
w,r,e,n,c,h
3,5
v,e,n,t,u,r,e
n,e,e,d,e,d
v,a,c,a,t,i,o,n
r,e,s,t
r,e,l,a,x,a,t,i,o,n
l,u,r,e,d
k,i,d,n,a,p,p,e,d
r,e,d,i,s,c,o,v,e,r
f,o,r,g,o,t,t,e,n
g,e,n,i,u,s
t,e,c,h,n,o,m,i,t,e,s
c,o,u,l,d
i,m,a,g,i,n,e,d
g,a,m,e,t,r,a,k
c,h,i,p
h,o,l,e
t,u,t,o,r,i,a,l
s,t,a,n,c,e
i,n,2,g,a,m,e,s
v,a,l,c,o,n
r,e,i,g,n
m,u,l,t,i,p,l,a,t,f,o,r,m
s,e,e,m
n,o,w,a,d,a,y,s
k,u,j,u
t,h,e,y,d
j,u,m,p,i,n,g
b,a,n,d,w,a,g,o,n
p,u,b,l,i,s,h,i,n,g
s,p,y,g,l,a,s,s
u,p,c,o,m,i,n,g
s,c,h,e,d,u,l,e,d
r,e,v,o,l,v,e,s
s,l,a,y,e,r
e,x
m,a,r,i,n,e
d,e,s,t,r,o,y,i,n,g
r,e,s,e,r,v,o,i,r
q,u,e,n,t,i,n
t,a,r,a,n,t,i,n,o
r,e,m,a,i,n,s
f,a,i,t,h,f,u,l
i,n,f,a,m,o,u,s
b,l,o,n,d,e
s,t,a,y,i,n,g
d,i,a,m,o,n,d
f,i,l,l,i,n,g
c,l,i,f,f,h,a,n,g,e,r
h,a,p,p,e,n,e,d
b,r,o,w,n
p,i,n,k
h,i,d,e
a,n,s,w,e,r,e,d
a,c,c,o,r,d,i,n,g
s,e,v,e,n,t,y
v,o,l,a,t,i,l,e
c,a,t,a,l,o,g
b,u,r,n,i,n,g
9,4
r,e,s,o,r,t
t,u,r,f
sengoku,samurai
s,h,o,d,o,w,n
s,e,n,g,o,k,u
s,h,o,c,k
t,r,o,o,p,e,r
s,i,d,e,k,i,c,k
s,o,c,o,m
n,a,v,y
s,e,a,l
w,h,e,r,e,v,e,r
t,h,r,e,a,t,e,n,e,d
v,e,n,e,r,a,t,e,d
e,x,p,a,n,d
r,o,b,u,s,t
c,r,o,s,s,t,a,l,k
f,i,r,e,t,e,a,m
b,r,a,v,o
u,n,l,o,c,k,a,b,l,e,s
d,i,v,e,r,s,e
s,p,a,w,n,i,n,g
a,s,s,o,c,i,a,t,i,o,n
n,a,v,a,l
z,i,p,p,e,r
s,n,o,w,b,o,a,r,d,i,n,g
h,i,g,h,e,r
t,i,p,p,y
s,l,o,p,e
s,h,r,e,d
r,o,a,m
t,e,r,r,a,i,n
e,x,p,l,o,r,e,d
c,o,m,p,e,t,e
b,o,a,r,d,p,r,e,s,s
m,a,n,u,a,l
s,t,r,i,n,g,i,n,g
f,l,a,t,l,a,n,d,s
a,v,a,l,a,n,c,h,e
u,b,e,r
h,a,n,d,p,l,a,n,t
g,t,a
s,w,a,t
s,t,r,i,k,e
g,s,t
i,n,s,t,a,n,t,l,y
v,i,r,t,u,a
s,a,v,i,n,g
t,a,s,k,e,d
d,e,f,e,n,d,i,n,g
n,o,t,i,c,e
a,r,g,o,n,a,u,t
s,i,e,r,r,a
d,a,n,g,e,r
s,h,a,d,o,w
a,s,t,o,u,n,d,i,n,g
r,e,p,t,i,l,e
t,h,i,c,k
a,r,m,o,r
c,r,u,n,c,h,i,n,g
i,n,l,a,n,d
p,a,s,s
a,c,c,o,m,p,l,i,s,h
f,i,g,u,r,e
a,t,o,m,i,c
d,s,i
g,e,o,g,r,a,p,h,i,c
h,o,l,d,i,n,g
d,o,m,i,n,a,t,i,o,n
w,e,l,c,o,m,e
h,a,r,m,o,n,i,x,e,r
y,u,r,i
j,u,d,g,m,e,n,t
o,u,t,c,o,m,e
m,o,r,p,h,i,n,g
t,h,e,y,l,l
2,0,0
m,a,g,i,c,a,l
e,n,h,a,n,c,e,m,e,n,t
1,3,0
c,g
c,i,n,e,m,a,t,i,c,s
a,s,i,a
s,a,c,n,o,t,h
a,r,u,z,e
b,a,n,d,a,i,s
i,n,c,a,r,n,a,t,i,o,n
a,u,d,i,e,n,c,e
s,i,l,e,n,t
s,u,c,c,e,e,d,e,d
d,e,l,i,v,e,r,i,n,g
h,o,r,r,i,f,y,i,n,g
p,s,y,c,h,o,l,o,g,i,c,a,l,l,y
d,i,s,t,u,r,b,i,n,g
c,o,n,t,i,n,u,e,s
c,l,a,m,o,r,i,n,g
m,a,s,t,e,r,f,u,l
n,a,i,l
b,i,t,i,n,g
s,h,o,c,k,i,n,g
c,h,i,l,l,i,n,g
m,a,l,l
a,m,u,s,e,m,e,n,t
s,u,b,w,a,y
f,l,a,m,e
t,h,r,o,w,e,r
h,e,a,t,h,e,r
t,e,e,n,a,g,e
u,n,d,e,r,s,t,a,n,d
s,a,n,i,t,y
s,i,n,g,s,t,a,r
9,0
o,v,e,r,s,i,z,e,d
b,a,g,g,y
j,e,a,n
w,e,a,r,i,n,g
c,a,p
u,n,d,e,r,c,u,t
b,e,c,a,u,s,e
c,o,m,e,b,a,c,k
i,c,o,n
m,c
h,a,m,m,e,r
s,i,r
r,e,m
s,p,i,c,e
l,o,n,g,i,n,g
w,e,a,r
b,u,m
b,a,g
e,s,s,e,n,c,e
i,n,d,i,e
r,a,p
c,o,m,p,l,i,m,e,n,t,i,n,g
a,c,c,l,a,i,m,e,d
b,r,o,a,d
c,o,n,t,e,m,p,o,r,a,r,y
a,v,r,i,l
l,a,v,i,g,n,e
j,a,m,e,l,i,a
k,e,a,n,e
r,o,b,b,i,e
w,i,l,l,i,a,m,s
e,y,e,d
p,e,a
m,i,c
d,u,e,t
m,e,d,l,e,y
s,e,g,m,e,n,t
s,t,r,u,n,g
t,u,n,e
i,n,c,o,r,p,o,r,a,t,e,s
f,i,l,t,e,r
p,l,a,y,b,a,c,k
d,i,s,t,o,r,t
e,n,h,a,n,c,e
e,y,e,t,o,y
c,o,m,p,a,t,i,b,l,e
l,o,n,d,o,n
s,o,u,l
n,o,m,a,d
e,a,t,e,r
o,v,e,r,l,o,r,d
w,r,e,a,k,e,d
g,o,l,e,m
s,e,e,m,e,d
d,o,o,m,e,d
w,i,z,a,r,d
s,e,a,l,e,d
s,t,o,o,d
s,t,a,t,u,e
s,e,l,l
c,r,a,d,l,e
b,e,l,o,n,g
t,e,r,r,o,r,i,s,m
p,o,i,s,e,d
o,w,l
i,n,f,i,l,t,r,a,t,i,o,n
e,x,p,e,r,t
a,c,c,u,r,a,c,y
s,k,y,d,i,v,i,n,g
r,a,p,t,o,r
d,i,s,m,a,n,t,l,e
r,e,t,r,i,e,v,e
s,t,o,l,e,n
p,r,o,p,e,r,t,y
c,e,r,t,a,i,n
p,r,o,t,e,i,n
a,s,o,b,o
c,t
n,o,w,h,e,r,e
s,p,y,h,u,n,t,e,r
b,e,f,o,r,e,–,o,n
d,w,a,y,n,e
j,o,h,n,s,o,n
e,x,t,r,a,o,r,d,i,n,a,i,r,e
a,l,e,x
d,e,c,k,e,r
i,n,t,e,r,c,e,p,t,o,r
p,r,o,w,e,s,s
m,e,l,e,e
n,o,s,t,r,a
s,t,e,a,l
s,o,p,h,i,s,t,i,c,a,t,e,d
t,a,i,l
p,l,a,n,t,e,d
s,a,p,p,i,n,g
g,e,m
k,i,n,g,d,o,m
e,u,r,o,c,o,m,s
f,i,e,r,y
p,u,r,p,l,e
m,o,r,p,h
g,i,v,e,n
c,h,e,e,t,a,h
b,y,r,d
p,e,n,g,u,i,n
f,r,a,c,a,s
e,g,o
d,r,a,g,o,n,f,l,y
l,e,a,p
g,n,a,s,t,y
g,n,o,r,c
r,i,p,t,o
e,l,e,c,t,r,i,c
b,u,b,b,l,e
b,r,e,a,t,h
m,o,n,s,o,o,n
s,n,o,w,f,l,a,k,e
c,h,e,c,k
s,u,i,k,o,d,e,n
f,a,l,l,e,n,a
f,e,m,a,l,e
p,r,i,n,c,e
s,p,i,r,i,t,e,d
r,o,y,a,l
a,c,c,o,m,p,a,n,y,i,n,g
a,s,s,i,s,t,a,n,t
s,w,o,r,d,s,w,o,m,a,n
r,i,o,n,n,e
s,i,g,n,i,f,i,c,a,n,t
h,o,m,e,b,a,s,e
g,e,n,s,o
t,e,k,k,e,n
h,e,i,h,a,c,h,i
s,p,l,i,c,e
d,n,a
o,g,r,e
g,e,n,o,m,e
g,e,n,e
s,u,c,c,e,s,s,f,u,l,l,y
j,i,n
c,o,m,p,l,i,c,a,t,e,d
a,p,p,a,r,e,n,t
r,e,s,u,r,r,e,c,t,i,o,n
h,e,i,h,a,c,h,i,s
k,a,z,u,y,a
a,m,i,d,s,t
t,u,r,m,o,i,l
i,n,t,r,i,g,u,e
r,e,b,o,r,n
s,p,r,i,n,t
g,l,o,r,y
r,e,m,e,m,b,e,r
p,e,d,e,s,t,r,i,a,n
e,s,p,e,c,i,a,l,l,y
a,r,e,n,t
c,a,r,e,f,u,l
p,i,t,b,u,l,l
s,y,n,d,i,c,a,t,e
i,n,f,o,g,r,a,m,e,s
r,e,s,p,e,c,t,e,d
e,d,e,n
l,u,x,u,r,i,o,u,s
h,a,w,a,i,i,a,n
m,o,o,r
m,a,s,s,i,v,e,l,y
a,u,t,o,m,o,t,i,v,e
r,e,t,a,i,n
e,n,d,l,e,s,s
s,t,r,e,a,m,i,n,g
s,e,r,v,e,r
l,u,x,u,r,y
s,u,p,e,r,c,a,r,s
m,e,l,b,o,u,r,n,e
h,o,u,s,e
a,n,t
s,o,m,e,o,n,e
b,u,l,l,y,i,n,g
c,o,l,o,n,y
l,u,c,a,s
m,a,g,i,c,a,l,l,y
s,h,r,u,n,k
e,m,b,a,r,k,s
e,x,p,e,r,i,e,n,c,i,n,g
t,h,r,i,l,l,i,n,g
f,o,r,g,e
f,r,i,e,n,d,s,h,i,p
e,v,o,l,v,e
r,e,c,l,u,s,e
e,x,t,e,r,m,i,n,a,t,i,o,n
d,i,r,e,c,t,e,d
j,o,h,n
d,a,v,i,s
n,e,u,t,r,o,n
i,m,m,e,r,s,e
r,e,l,a,t,e,d
m,e,c,h,a,n,i,c
d,r,i,f,t,i,n,g
6,6
r,i,g
t,r,a,c,t,o,r
t,r,a,i,l,o,r
d,r,i,v,n,g
s,a,f,e,l,y
a,i,n,t
s,u,n,d,a,y
t,r,u,c,k,i,n,g
s,u,r,e
c,o,n,v,o,y
b,i,t
a,m,2
c,o,n,v,e,r,s,i,o,n
h,o,l,i,d,a,y
c,i,n,e,m,a
t,r,i,l,o,g,y
j,a,c,k,s,o,n
s,c,a,l,e
t,r,i,m,m,i,n,g
l,e,a,r,n,i,n,g
t,a,k,e,n
a,p,p,e,a,r,e,d
s,m,a,t,t,e,r,i,n,g
i,n,t,e,r,v,i,e,w
p,r,i,n,c,i,p,a,l
k,r,i
b,r,i,d,g,e
s,t,o,p,p,e,d
b,r,o,k,e,n
s,c,a,t,t,e,r,e,d
f,o,r,g,o,t
d,i,s,m,i,s,s,e,d
w,o,r,d
m,i,l,l,e,n,n,i,u,m
j,o,y
r,e,d,i,s,c,o,v,e,r,e,d
d,i,e,g,o
t,o,u,r,i,s,t
r,i,d,i,n,g
s,i,m,u,l,a,t,o,r
o,f,t
r,u,m,o,r,e,d
m,o,t,o,r,c,y,c,l,e
u,e,f,a
e,u,r,o
p,o,r,t,u,g,a,l
c,o,i,n,c,i,d,e
y,o,u,r,s,e,l,f
a,r,r,a,n,g,e
q,u,a,l,i,f,y,i,n,g
p,l,a,y,o,f,f
i,n,j,u,r,y
s,u,s,p,e,n,s,i,o,n
f,l,u,c,t,u,a,t,e
c,e,l,e,b,r,a,t,e,s
b,i,r,t,h,e,d
c,o,i,n
o,p,e,r,a,t,e,d
p,i,o,n,e,e,r,e,d
m,a,r,t,i,a,l
o,c,t,a,n,e
g,o,h
h,i,n,o,g,a,m,i
b,r,a,d
n,e,w,l,y
m,e,g,u,m,i
i,d,o,l
p,h,o,t,o,g,r,a,p,h
p,a,n
s,e,x,y
r,o,t,a,t,e
s,k,i,m,p,y
s,w,i,m,w,e,a,r
s,u,l,t,r,y
o,u,t,f,i,t
p,o,n,y
c,a,n,y,o,n
yukes,smackdown,wwe
c,r,u,s,h
w,a,k,e,b,o,a,r,d,i,n,g
u,n,l,e,a,s,h,e,d
s,h,a,u,n
m,u,r,r,a,y
h,a,n,g
r,i,p,p,e,d
s,p,e,e,d,b,o,a,t
h,o,u,s,e,b,o,a,t
w,a,k,e,b,o,a,r,d,e,r,s
t,i,r,e,d
a,l,r,e,a,d,y
s,h,a,b,a
s,i,m,u,l,t,a,n,e,o,u,s,l,y
p,u,z,z,l,i,n,g
v,i,r,g,i,n,i,a
c,l,i,v,e
g,a,l,l,o,w,s
p,r,o,p,h,e,t
r,e,v,i,v,e
f,i,l,g,a,i,a
p,a,t,h,w,a,y
m,y,t,h,i,c,a,l
e,m,b,o,d,i,e,s
t,r,i,e,d
m,e,d,i,a,v,i,s,i,o,n
yukes,smackdown,medium
w,o,l,v,e,r,i,n,e
u,n,l,e,a,s,h,i,n,g
e,n,l,i,s,t,i,n,g
c,h,a,r,l,e,s
x,a,v,i,e,r
s,h,i,v,a
d,e,p,t
h
k,i,l,l,i,n,g
g,e,n,e,p,o,o,l
x,i,i,i
u,b,i
s,o,f,t
p,o,l,i,t,i,c,a,l,l,y
c,o,n,n,e,c,t,i,o,n
s,h,r,o,u,d,e,d
c,r,o,s,s,b,o,w
p,a,g,e
c,o,m,i,c
g,a,u,n,t,l,e,t
s,o,r,r,o,w
r,o,m,e,r,o
j,o,s,h
s,a,w,y,e,r
f,u,s,e
n,e,v,e,r,l,a,n,d
p,r,o,t,e,c,t,e,d
g,o,d
c,o,r,i,y,a
i,p,s,i,l,o,n
j,a,n,e,s,s
u,p,s,e,t
t,h,r,e,w
l,u,c,k,i,l,y
e,n,d,e,d
m,a,i,n,t,a,i,n,e,d
n,e,u,g,a,r,d
r,e,b,e,l,l,e,d
e,n,g,u,l,f,e,d
h,o,p,e
u,n,i,f,i,c,a,t,i,o,n
d,o,m,e,s,t,i,c
a,f,f,a,i,r
c,a,s,t,l,e
a,m,a,s,s
w,h,a,t,e,v,e,r
d,e,p,e,n,d,s
9
g,e,n,j,i
1,1,t,h
l,i,t,e,r,a,r,y
m,a,s,t,e,r,p,i,e,c,e
f,u,s,e,d
f,a,n,t,a,s,t,i,c,a,l
e,l,e,g,a,n,t
n,o,b,l,e
e,n,g,a,g,e,d
c,r,u,s,a,d,e
c,o,n,t,r,o,l,l,i,n,g
c,h,o,r,e,o,g,r,a,p,h,e,d
l,e,a,d,i,n,g
s,w,o,r,d,s,m,a,n
r,e,p,u,b,l,i,c
p,r,o,d,u,c,e,d
d,e,d,i,c,a,t,e,d
d,i,v,i,s,i,o,n
n,i,c,k
c,a,g,e
s,u,p,e,r,h,e,r,o,a,n,t,i
j,o,h,n,n,y
d,a,r,e,d,e,v,i,l
g,a,r,t,h
e,n,n,i,s
p,a,l,m,i,o,t,t,i
l,e,n,t
c,o,m,i,c,a,l
v,i,o,l,e,n,t
s,h,i,n,j,i
m,i,k,a,m,i
a,t,s,u,s,h,i
i,n,a,b,a
p,h,o,e,n,i,x
w,r,i,g,h,t
a,i,m,l,e,s,s
t,r,a,v,e,l,e,r
s,o,r,t
c,h,o,p,p,e,d
m,e,r,c,e,n,a,r,y
s,o,m,e,h,o,w
p,o,s,e,s,s,i,o,n
g,o,l,d
g,l,o,w,i,n,g
s,a,v,i,o,r
o,l,d,e,n
s,c,u,m
l,e,a,p,i,n,g
g,a,g
v,i,o,l,e,n,c,e
h,i,l,a,r,i,t,y
c,l,o,v,e,r
r,y,g,a,r
g,r,e,e,k
e,m,p,h,a,s,i,s
s,t,r,o,n,g
t,e,l,l,i,n,g
d,e,s,c,r,i,b,e,d
c,l,a,s,h
t,i,t,a,n
p,a,i,r
s,l,i,g,h,t
o,n,i,m,u,s,h,a
i,n,c,o,r,p,o,r,a,t,e,d
f,a,l,l,e,n
r,e
m,e,d,u,s,a
s,t,o,n,e
s,a,n,t,a
m,o,n,i,c,a
r,e,t,a,k,e
k,r,a,t,o,s
m,o,r,t,a,l
a,l,i,k,e
s,a,w
d,e,t,h,r,o,n,e
s,i,t,s
a,t,o,p
o,l,y,m,p,u,s
c,o,n,t,i,n,u,e,d
t,o,r,m,e,n,t
u,n,t,o,l,d
h,o,r,r,o,r
m,y,t,h,o,l,o,g,i,c,a,l
d,i,v,i,n,e
r,e,t,r,i,b,u,t,i,o,n
g,o,d,z,i,l,l,a
m,a,m,m,o,t,h
s,w,o,r,n
d,i,s,p,l,a,y
m,a,d,n,e,s,s
m,o,n,u,m,e,n,t,a,l
t,r,a,m,p,l,i,n,g
m,o,t,h,r,a
j,a,g,u,a,r
c,o,m,p,l,i,m,e,n,t
p,i,p,e,w,o,r,k
g,o,l,d,e,n,e,y,e
r,o,g,u,e
w,h,y
d,a,r,e,d
t,r,e,a,d
t,r,a,n,s,p,o,r,t,i,n,g
c,o,l,d
h,e,a,r,t,e,d
a,s,p,i,r,i,n,g
0,0
m,i,6
r,e,c,k,l,e,s,s
h,i,r,e,d
a,u,r,i,c
g,o,l,d,f,i,n,g,e,r
w,e,a,l,t,h,y
l,u,s,t
o,d,d,j,o,b
s,c,a,r,a,m,a,n,g,a
x,e,n,i,a
o,n,a,t,o,p,p
p,u,s,s,y
g,a,l,o,r,e
v,e,n,g,e,a,n,c,e
d,e,a,t,h,m,a,t,c,h
t,r,i,a,l
s,p,e,c
c,o,m,p,o,s,e,d
4,0,0,0
p,o,l,y,g,o,n
b,e,g,i,n,n,e,r
e,n,d,u,r,a,n,c,e
s,u,n
g,l,a,r,e
d,i,s,t,o,r,t,i,o,n
d,u,k,e
l,i,n,k,i,n,g
i,l,i,n,k
w,o,r,l,d,w,i,d,e
d,i,g,i,t,a,l,s
e,x,t,r,a,v,a,g,a,n,t
c,o,u,p,l,e,d
d,i,r,e,c,t,o,r
m,o,d,e,b
e,n,c,o,m,p,a,s,s,i,n,g
i,n,i,t,i,a,l,l,y
r,e,m,o,v,e,d
l,i,s,t
w,h,o,p,p,i,n,g
7,0,0
e,n,t,h,u,s,i,a,s,t
b,o,s,s
f,a,v,o,r
c,r,o,o,k,e,d
c,o,m,p,e,n,s,a,t,e
r,o,b
a,l,i,v,e
r,e,s,o,u,r,c,e
b,e,t,r,a,y,e,d
r,i,g,h,t,f,u,l
d,m,a
p,r,o,f,e,s,s,i,o,n,a,l,l,y
g,t,a,3
l,i,b,e,r,t,y
r,e,v,o,l,u,t,i,o,n,i,z,e,d
l,e,e,d,s
r,e,g,u,l,a,r
r,e,m,o,v,e
c,o,n,t,r,o,v,e,r,s,i,a,l
u,n,i,n,t,e,n,t,i,o,n,a,l,l,y
a,c,c,e,s,i,b,l,e
c,o,f,f,e,e
t,o,u,r
t,h,e,m,e,d
i,n,d,u,l,g,e
1,2,0
p,i,c,k,i,n,g
y,a,c,h,t
c,o,m,p,a,r,e,d
c,o,u,n,t,l,e,s,s
e,f,f,e,c,t,i,v,e
p,r,o,v,i,d,e
d,e,f,e,n,s,i,v,e
m,e,a,s,u,r,e
a,n,y,o,n,e
g,r,a,n,d,i,a
g,a,m,e,a,r,t,s
d,e,v,e,l,o,p,i,n,g
y,u,u,k,i
y,o,u,t,h,f,u,l
m,o,t,h,e,r
m,i,r,a,n,d,a
c,o,n,t,a,c,t
a,l,p,h,e,e,n,a
p,s,e,u,d,o
g,r,o,w,l,a,n,s,e,r
c,o,l,l,e,c,t,o,r
1,6,0
w,o,r,t,h
l,o,c,a,l,i,z,e,d
s,h,a,t,t,e,r
n,e,i,g,h,b,o,r,i,n,g
w,e,i,n
c,r,u,z
i,n,c,r,e,a,s,i,n,g
c,o,m,p,l,e,x,i,t,y
i,m,p,o,r,t,a,n,c,e
d,e,v,i,o,u,s
r,e,v,e,a,l,i,n,g
c,o,n,s,u,m,e,d
i,n,h,a,b,i,t,a,n,t
l,e,a,v,e
s,e,n,s,e
redoctane,guitar
b,u,n,d,l,e
p,u,b,l,i,s,h,e,d
r,e,d,o,c,t,a,n,e
p,l,a,s,t,i,c
p,e,r,i,p,h,e,r,a,l
c,h,o,r,d
n,a,i,l,i,n,g
t,o,u,g,h
f,r,e,t,b,o,a,r,d
s,t,r,u,m,m,e,r
t,a,p,p,e,d
s,t,r,i,n,g
s,t,r,u,m,m,e,d
c,o,n,c,e,r,t
g,r,o,w
c,d
a,n,t,h,e,m
z,i,g,g,y
s,t,a,r,d,u,s,t
t,h,u,n,d,e,r,k,i,s,s
6,5
s,e,d,a,t,e,d
e,n,c,o,r,e
1,9,8,0,s
s,o,l,d
g,i,b,s,o,n
s,h,a,p,e,d
s,g
f,l,o,c,k
s,e,a,g,u,l,l
r,a,t,t
q,u,i,e,t
r,i,o,t
w,o,w
d,i,o
r,e,d,o,c,t,a,n,e,s
c,r,i,t,i,c,a,l,l,y
r,h,y,t,h,m
l,o,n,g,e,r
h,a,r,d,e,r
r,e,c,o,r,d,i,n,g
w,a,v,e,g,r,o,u,p
c,o,v,e,r
e,n,c,o,m,p,a,s,s,e,s
h,a,i,r
b,a,s,s
b,a,r,r,a,c,u,d,a
s,a,b,o,t,a,g,e
b,e,a,s,t,i,e
n,i,t,e
k,i,s,s
g,r,u,e,l,i,n,g
b,e,v,y
n,e,v,e,r,s,o,f,t
b,u,d,c,a,t
g,u,m,b,a,l,l
3,0,0,0
c,a,n,n,o,n,b,a,l,l
c,r,a,z,i,e,s,t
u,s,a
d,a,n,n,i
m,i,n,o,g,u,e
h,a,p,p,y
m,o,n,d,a,y
l,o,v,i,n
j,a,c,k,a,s,s
m,t,v
s,p,e,c,t,a,c,l,e
l,a,n,e
1,4,0,m,p,h
b,l,a,c,k,e,d
s,c,r,e,e,c,h,i,n,g
s,t
p,e,t,e,r,s,b,u,r,g
c,h,e,c,k,p,o,i,n,t
s,h,o,r,t,e,s,t
e,v,a,d,e
r,o,a,d,b,l,o,c,k
l,a,w,l,e,s,s,n,e,s,s
g,r,e,e,d
r,o,b,s
c,o,l,t,o,n
t,r,u,s,t
s,c,r,e,e,n,w,r,i,t,e,r
r,a,n,d,a,l,l
j,a,h,n,s,o,n
m,a,s,k
z,o,r,r,o
e,x,a,c,t
v,e,n,g,e,f,u,l
w,r,o,n,g,e,d
l,a,w,l,e,s,s
g,u,n,g,r,a,v,e
o,v,e,r,d,o,s,e
c,a,r,n,a,g,e
e,x,p,a,n,d,i,n,g
e,x,a,g,g,e,r,a,t,e,d
f,i,r,e,f,i,g,h,t,s
d,e,l,i,r,i,o,u,s
g,r,a,v,e
r,o,c,k,e,t,b,i,l,l,y
r,e,d,c,a,d,i,l,l,a,c
j,u,j,i
k,a,b,a,n,e
e,x,c,e,p,t,i,o,n
s,u,c,c,e,s,s,i,v,e
p,r,o,l,i,f,i,c
y,a,s,u,h,i,r,o
n,i,g,h,t,o,w
t,r,i,g,u,n
k,o,s,u,k,e
f,u,j,i,s,h,i,m,a
s,a,k,u,r,a
t,s,u,n,e,o
i,m,a,h,o,r,i
h,a,j,i,m,e
i,p,p,o
o,d
i,k,u,s,a,b,u,n,e
l,t,d
m,a,s,t,i,f,f
h,a,u,n,t,i,n,g
s,p,i,n,e
p,r,i,s,o,n
o,r,p,h,a,n,e,d
f,i,o,n,a
s,h,e,p,h,e,r,d
p,h,y,s,i,c,a,l,l,y
w,e,a,k
s,h,e
w,i,t
u,n,r,a,v,e,l
h,a,p,p,e,n,i,n,g
h,e,w,i,e
o,t,h,e,r,s
d,e,r,a,n,g,e,d
s,t,a,l,k,i,n,g
d,e,b,i,l,i,t,a,s
d,e,m,e,n,t,o
h,i,t,m,a,n
4,7
c,o,n,t,r,a,c,t
a,g,e,n,c,y
i,c,a
q,u,i,e,t,l,y
m,o,r,t,a,l,l,y
e,l,i,m,i,n,a,t,e,d
s,u,s,p,e,c,t
f,e,a,r,i,n,g
p,a,y
s,p,e,n,d,s
n,o,t,o,r,i,e,t,y
b,l,o,o,d,b,a,t,h
w,o,r,t,h,y
r,i,s,k,i,n,g
r,e,c,o,g,n,i,s,e,d
c,i,v,i,l,i,a,n
g,u,a,r,d
e,a,r,n,i,n,g,s
c,u,s,t,o,m,i,s,a,b,l,e
p,r,e,c,i,s,i,o,n
b,u,y
i,n,f,o,r,m,a,t,i,o,n
s,u,c,c,e,s,s,f,u,l
i,o
s,u,s,p,e,n,s,e
g,r,e,a,t,e,r
p,e,r,f,e,c,t
r,u,t,h,l,e,s,s,l,y
e,f,f,i,c,i,e,n,t
v,u,n,e,r,a,b,l,e
s,i,t,u,a,t,i,o,n
g,r,a,d,u,a,l
c,u,r,v,e
f,o,r,e
a,b,s,u,r,d
l,o,v,e,a,b,l,e
c,a,m,e,l,o,t
h,a,n,d,l,e,d
g,o,l,f,e,r
m,i,n,i,a,t,u,r,e
a,n,i,m,a,l,s,m
b,o,o,s,t,e,d
m,i,n,n,a
s,c,e,i
i,c,o
h,o,r,n
s,a,c,r,i,f,i,c,e,d
c,l,e,a,n,s,e
e,x,e,c,u,t,i,o,n,e,r
b,r,a,i,n,t,e,a,s,e,r,s
a,p,p,a,r,i,t,i,o,n
s,e,c,l,u,d,e,d
f,o,r,t,r,e,s,s
i,n,u,y,a,s,h,a
s,t,r,e,n,g,t,h,e,n
p,a,r,t,n,e,r,s,h,i,p
o,p,p,o,s,i,t,i,o,n
e,i,g,h,t,i,n,g
a,m,i,t,y
i,s,l,a,n,d
c,o,r,p,o,r,a,t,e
e,n,v,i,r,o,n,p,l,u,s
e,c,o,n,o,m,y
u,n,f,o,r,t,u,n,a,t,e,l,y
r,e,c,e,n,t
i,n,d,u,s,t,r,i,a,l
a,c,t,i,v,i,t,y
a,t,t,r,a,c,t,e,d
f,e,a,r,s,o,m,e
i,n,f,l,i,c,t,i,n,g
s,u,r,f,a,c,e
d,i,s,m,e,m,b,e,r,m,e,n,t
d,i,s,c,o,n,n,e,c,t,i,o,n
f,i,t
a,p,p,a,l,o,o,s,a
p,r,e,d,a,t,o,r
j,a,k
d,e,x,t,e,r
i,m,p,l,i,e,s
i,s,n,t
h,a,z,a,r,d
b,o,u,l,d,e,r
g,u,a,r,d,i,n,g
h,o,m,i,n,g
d,r,o,n,e
w,e,a,v,e
b,e,g,a,n
k,r,e,w
a,s,k,e,d
a,t,t,e,n,d
r,e,a,d,i,n,g
s,i,g
a,s,h,e,l,i,n
k,r,e,w,s
r,a,y,n
r,e,q,u,e,s,t
d,r,i,n,k
t,o,a,s,t
w,i,n,e
p,o,i,s,o,n,e,d
i,n,s,t,r,u,c,t,i,o,n
k,r,a,s
a,n,t,i,d,o,t,e
e,n,t,e,r,s
v,y,i,n,g
o,i,l
n,a,u,g,h,t,y
l,i
b,r,a,w,l,e,r
c,h,i,a,n,g
a,s,s,a,s,s,i,n,a,t,e,d
w,h,i,s,p,e,r
d,y,i,n,g
w,i,s,h
k,i,t
y,u,n
m,e,s,s,a,g,e
c,h,i,a,n,g,s
e,s,t,r,a,n,g,e,d
f,r,a,n,c,i,s,c,o
f,u,l,f,i,l,l,i,n,g
e,n,t,a,n,g,l,e,d
u,n,v,e,i,l
p,r,e,s,t,i,g,e
a,m,b,i,t,i,o,n
h,o,n,g
k,o,n,g
j,u,i,c,e,d
r,e,a,l,t,i,m,e
m,o,d,d,i,n,g
a,f,t,e,r,m,a,r,k,e,t
r,i,d,g,e
c,h,a,m,p,i,o,n,e,d
d,o,n,u,t
b,o,o,m,e,r,a,n,g
e,t,c
c,r,u,i,s,e
c,a,l,e,n,d,a,r
j,u,i,c,e
s,u,p,e,r,h,e,r,o,e,s
d,c
b,r,a,i,n,i,a,c
c,r,o,n,y
e,l,i,m,i,n,a,t,e
b,a,t,m,a,n
s,u,p,e,r,m,a,n
w,o,n,d,e,r
g,r,e,e,n
l,a,n,t,e,r,n
m,a,r,t,i,a,n
m,a,n,h,u,n,t,e,r
z,a,t,a,n,n,a
l,e,g,i,o,n
p,o,s,s,e
s,p,e,c,i,f,i,c
r,e,s,u,l,t,i,n,g
f,a,r,t,h,e,s,t
c,o,r,n,e,r
s,n,o,w,b,l,i,n,d
k,a,t,a,m,a,r,i
d,a,m,a,c,y
t,o,u,c,h,e,d
h,e,a,p
e,x,a,c,t,l,y
p,r,e,m,i,s,e
c,o,s,m,o,s
u,n,d,e,r,t,a,k,e,s
w,r,o,n,g
a,c,c,i,d,e,n,t,a,l,l,y
k,n,o,c,k,e,d
c,l,u,m,p
r,o,m,p
a,c,c,u,m,u,l,a,t,e
d,a,m,a,s,h,i,i
k,e,l,l,y
s,l,a,t,e,r
s,u,r,f,e,r
w,a,v,e
s,u,r,f,i,n,g
s,u,r,f
a,n,t,a,r,c,t,i,c,a
b,o,a,r,d
t,r,e,y,a,r,c,h,s
s,p,o,n,s,o,r,e,d
s,u,r,f,b,o,a,r,d
a,c,c,e,s,s,o,r,y
w,e,t,s,u,i,t,s
k,e,s,s,e,n
s,t,o,r,i,e,d
1,0,0,0,0,0
t,r,o,o,p
a,r,c,h,e,r
r,i,f,l,e,m,a,n
c,a,v,a,l,r,y
w,a,r,r,i,n,g
s,e,v,e,n,t,e,e,n,t,h
f,o,r,m,a,t
2,0,0,0
k,i,l,l,z,o,n,e
g,u,e,r,r,i,l,l,a
p,l,a,n,e,t,a,r,y
c,o,l,o,n,i,z,a,t,i,o,n
d,r,a,w,i,n,g
c,l,a,s,s,i,c,a,l
2,0,t,h
i,s,a
m,i,l,i,t,a,r,i,s,t,i,c
s,e,p,a,r,a,t,i,s,t
f,a,c,t,i,o,n
h,e,l,g,h,a,s,t
e,q,u,i,p
e,m,p,l,a,c,e,d
i,n,t,r,i,c,a,t,e,l,y
h,a,r,s,h
r,i,d,d,e,n
g,r,i,t
e,n,g,a,g,e,m,e,n,t
s,t,o,r,y,t,e,l,l,e,r
c,o,l,l,a,b,o,r,a,t,i,v,e
a,c,t,i,o,n,r,p,g
p,a,r,a,d,i,s,e
a,1,4
s,o,r,a
s,e,a,r,c,h,i,n,g
w,h,e,r,e,a,b,o,u,t,s
r,e,n,o,w,n,e,d
t,e,t,s,u,y,a
n,o,m,u,r,a
d,o,n,a,l,d
s,q,u,a,l,l
h,e,a,r,t,l,e,s,s
u,n,l,i,k,e,l,y
d,a,r,k,l,y
c,l,o,a,k,e,d
m,o,u,s,e
c,o,n,t,i,n,u,e
m,u,m,m,y
w,r,a,p,p,e,d
r,u,l,e,r
t,r,a,n,s,f,o,r,m,a,t,i,o,n
l,i,n,g,e,r,i,n,g
i,n,t,e,r,n,a,l,l,y
l,o,c,a,l,e
b,e,v,e,r,l,y
c,o,m,p,t,o,n
l,a,x
p,a,r,t,i,c,i,p,a,t,e
h,i,g,h,l,i,g,h,t,e,d
c,r,e,a,t,i,v,e
i,n,p,u,t
m,a,g,a,z,i,n,e
l,e,g,o
i,n,d,i,a,n,a
r,e,n,d,e,r,i,n,g
i,n,t,r,e,p,i,d
e,x,p,l,o,r,e,r
c,h,e,e,k
c,u,l,t,u,r,e
i,c,o,n,i,c
a,r,c,h,a,e,o,l,o,g,i,s,t
r,a,i,d,e,r
a,r,k
t,e,m,p,l,e
l,u,c,a,s,a,r,t,s
e,n,d,e,a,r,i,n,g
r,e,b,e,l
g,a,l,a,c,t,i,c
r,e,b,u,i,l,d
g,a,l,a,x,y
p,i,e,c,e
d,a,r,t,h
v,a,d,e,r,s
l,e,i,a
a,b,o,a,r,d
b,l,o,c,k,a,d,e
s,h,o,w,d,o,w,n
r,e,c,o,n,s,t,r,u,c,t,e,d
m,a,t,c,h,i,n,g
b,o,d,y
f,o,r,m,i,n,g
s,t,o,r,m,b,a,c,c,a
c,h,e,w
v,a,d,e,r
k,e,n,o,b,i
m,a,n,e,u,v,e,r
b,r,i,c,k
t,t
p,r,o,g,r,a,m,m,e,r
f,i,c,t,i,o,n
e,n,c,o,u,r,a,g,e,d
s,e,r,v,e
o,b,i
a,n,a,k,i,n
s,k,y,w,a,l,k,e,r
j,a,n,g,o
f,e,t,t
m,a,n,i,p,u,l,a,t,e,d
p,h,a,n,t,o,m
c,l,o,n,e
s,i,t,h
l,a,r,a
c,r,o,f,t
t,o,m,b
c,o,m,p,l,e,x
g,r,a,n,d,e,r
e,n,j,o,y,i,n,g
c,r,y,s,t,a,l
m,l,b
s,c,e,a,s
a,n,n,u,a,l
h,a,r,d,b,a,l,l
m,a,i,n,t,a,i,n
p,i,t,c,h,e,r
b,a,t,t,e,r
r,e,x
h,u,d,l,e,r
v,a,s,g,e,r,s,i,a,n
d,a,v,e
c,a,m,p,b,e,l,l
b,o,o,t,h
u,n,t,a,m,e,d
r,e,t,a,i,n,i,n,g
s,m,o,o,t,h
i,n,c,i,n,e,r,a,t,o,r
m,a,d,a,g,a,s,c,a,r
a,n,t,i,c,i,p,a,t,e,d
d,r,e,a,m,w,o,r,k,s
c,e,n,t,r,a,l
z,o,o
l,i,o,n
z,e,b,r,a
g,i,r,a,f,f,e
h,i,p,p,o
n,a,t,u,r,a,l
a,d,v,e,n,t,u,r,i,n,g
i,n,t,e,r,a,c,t,i,n,g
t,a,c,k,l,i,n,g
b,o,b
2,0,0,6,s
q,u,a,r,t,e,r,b,a,c,k
q,b
z,o,n,e
a,c,c,u,r,a,t,e
t,o,s,s
p,l,a,c,e,m,e,n,t
a,h,e,a,d
r,e,c,e,i,v,e,r
a,u,d,i,b,l,e
t,w,e,a,k
h,u,d,d,l,e
e,a,r,n,i,n,g
e,n,d,o,r,s,e,m,e,n,t
m,i,n,i,g,a,m,e,s
1,7,t,h
b,l,o,c,k,e,r
t,a,i,l,b,a,c,k
o,v,e,r,p,o,w,e,r
t,a,c,k,l,e,r
y,a,r,d
r,u,s,h,i,n,g
j,u,k,e
c,u,t,b,a,c,k
0,8
i,d,e,n,t,i,f,y
s,t,r,o,n,g,e,s,t
s,n,a,p
a,l,t,e,r,i,n,g
i,m,m,e,d,i,a,t,e,l,y
r,e,a,c,t,i,n,g
s,n,a,p,p,e,d
m,i,s,m,a,t,c,h
2,k,6
c,o,l,l,i,s,i,o,n
i,n,f,i,e,l,d
o,u,t,f,i,e,l,d
b,r,o,a,d,c,a,s,t
f,l,a,s,h,b,a,c,k
y,a,n,k,e,e
s,h,o,r,t,s,t,o,p
d,e,r,e,k
j,e,t,e,r
a,t,h,l,e,t,e
s,p,o,k,e,s,p,e,r,s,o,n
k,u,s,h
m,a,k,a,i
s,a,c,r,e,d
t,o,m,e
s,u,m,m,o,n,i,n,g
r,e,f,e,r,r,e,d
r,e,w,r,i,t,e
t,e,r,r,i,b,l,y
z,e,t,t,a
n,e,t,h,e,r,w,o,r,l,d
d,e,t,e,r,m,i,n,e,d
r,e,c,l,a,i,m
r,i,g,h,t,e,o,u,s,l,y
v,i,c,i,o,u,s
m,a,p
r,a,n,d,o,m,l,y
g,e,n,e,r,a,t,e,d
k,i,n,d,o,m
p,u,c,e,l,l,e
m,a,n,h,u,n,t
e,a,r,l
p,r,e,v,i,o,u,s,l,y
w,a,k,e
e,a,r,p,i,e,c,e
s,t,e,a,l,t,h,y
l,o,u,d
d,e,s,t,r,u,c,t,i,v,e
i,n,s,t,r,u,m,e,n,t
s,t,r,a,n,g,u,l,a,t,i,o,n
s,h,a,r,d
g,l,a,s,s
c,a,r,c,e,r
m,a,y,b,e
i,d,e,n,t,i,t,y
s,t,a,l,k,e,d
d,e,v,i,s,e
t,w,i,s,t
m,a,r,c
e,c,k,o,s
g,e,t,t,i,n,g
t,r,a,n,e
g,r,a,f,f,i,t,i
r,e,s,t,r,i,c,t,e,d
d,e,x,t,e,r,i,t,y
a,g,i,l,i,t,y
t,a,l,l
r,a,d,i,u,s
t,o,n,e
t,h,e,m,a,t,i,c
o,p,p,r,e,s,s
c,o,n,c,l,u,s,i,o,n
c,o,l,l,e,c,t,i,v,e
s,p,i,d,e,r
c,a,p,t,a,i,n
r,e,p,u,t,a,t,i,o,n
b,l,o,c,k,i,n,g
h,a,n,d,e,d
a,c,c,e,p,t
c,o,m,p,e,t,i,t,i,v,e
u,n,t,i,t,l,e,d
m,e,g,a,m,a,n
x,8
t,e,r,r,i,b,l,e
s,i,g,m,a
c,o,n,s,t,r,u,c,t,e,d
r,e,p,l,o,i,d,s
c,o,l,o,n,i,z,e
u,n,t,o,u,c,h,e,d
m,o,o,n
c,o,r,r,u,p,t,e,d
a,x,l
f,l,e,x,i,b,l,e
w,e,a,p,o,n,r,y
x,7
x,6
s,a,n,d,b,o,x
o,u,t,b,r,e,a,k
s,p,u,r,r,e,d
d,i,c,t,a,t,o,r
c,o,u,p
b,o,u,n,t,y
5,2
w,a,r,l,o,r,d
c,o,m,m,a,n,d,e,e,r
f,i,n,a,n,c,e
s,n,a,k,e
e,s,p,i,o,n,a,g,e
a,c,h,i,e,v,e
d,o,m,i,n,a,n,c,e
r,i,v,a,l,i,n,g
s,e,c,r,e,t,l,y
t,h,r,e,a,t,e,n
e,x,i,s,t,e,n,c,e
d,e,s,t,i,n,e,d
e,n,s,u,e,s
s,u,m,m,o,n,e,d
p,e,n,e,t,r,a,t,e
t,e,r,r,i,t,o,r,y
o,b,t,a,i,n
i,n,t,e,l
p,r,o,t,o,t,y,p,e
n,u,c,l,e,a,r
n,a,k,e,d
c,a,m,o,u,f,l,a,g,e
i,n,t,e,r,r,o,g,a,t,i,n,g
c,l,i,m,b,i,n,g
t,r,e,a,t,i,n,g
c,r,i,t,i,c,a,l
j,p,n
k,c,e,j
s,u,b,s,i,s,t,e,n,c,e
h,i,d,e,o
k,o,j,i,m,a,s
d,a,z,z,l,i,n,g
l,o,w
c,o,o,p,e,r,a,t,i,v,e,l,y
c,o,m,p,e,t,i,t,i,v,e,l,y
k,o,j,i,m,a
m,i,c,r,o
v,4
a,r,r,i,v,e,s
k,n,o,c,k,a,b,o,u,t
b,r,e,a,k,n,e,c,k
l,e,t,t,i,n,g
l,o,o,s,e
d,i,s,t,i,n,c,t,i,v,e
i,n,c,h
m,o,t,o,r
h,o,u,s,e,h,o,l,d
i,m,m,e,n,s,e
l,e,t,h,a,l
r,e,j,o,i,c,e
w,o,u,l,d,n,t
f,a,v,o,u,r,i,t,e
m,o,u,n,t,e,d
s,u,p,e,r,s,o,n,i,c
c,o,d,e,m,a,s,t,e,r,s
m,i,d,n,i,g,h,t
d,u,b
s,t,y,l,i,s,t,i,c
p,e,r,s,o,n,a,l,i,z,e
s,m,o,l,d,e,r,i,n,g
p,i,l,e
f,l,a,m,i,n,g
p,a,i,n,t
c,o,l,o,r
p,e,r,f,e,c,t,l,y
b,a,s,h
a,l,t,e,r,n,a,t,e
d,e,t,r,o,i,t
a,t,l,a,n,t,a
c,h,o,s,e,n
p,a,r,t,n,e,r,e,d
c,a,r,c,e,l,e,b,r,i,t,y
m,o,d,i,f,i,a,b,l,e
s,e,e,m,s
m,a,i,n,l,y
e,l,e,c,t,r,o,n,i,c,s
e,x,i,s,t,i,n,g
c,a,m,c,o,r,d,e,r
c,a,b,l,e
p,e,t
n,u,m,b,e,r,e,d
f,o,u,n,d
l,a,t,e,r
k,o,m,b,a,t
a,r,m,a,g,e,d,d,o,n
s,e,v,e,n,t,h
b,l,o,w,n
b,l,o,o,d,l,e,t,t,i,n,g
e,a,g,e,r
c,r,e,a,t,e,–,a,–,f,i,g,h,t,e,r
c,r,e,a,t,e,–,a,–,f,a,t,a,l,i,t,y
k,o,n,q,u,e,s,t
s,i,x,t,h
v,i,s,c,e,r,a,l
p,o,u,n,c,e
h,e,a,r,k,e,n
s,c,o,r,p,i,o,n
m,i,l,e,e,n,a
b,a,r,a,k,a
d,a,r,r,i,u,s
d,a,i,r,o,u
k,o,b,r,a
k,o,m,b,a,t,a,n,t,s
e,n,o,r,m,o,u,s
c,h,e,s,s
m,k,3,s
p,l,a,y,s,t,a,t,i,o,n,2
1,2,5,c,c
2,5,0,c,c
w,e,t
d,r,y
c,o,n,d,i,t,i,o,n
c,o,n,d,u,c,t
m,o,t,o,g,p,4
1,2,8
i,t,e,r,a,t,i,o,n
d,u,p,l,i,c,a,t,e
i,n,d,e,p,e,n,d,e,n,t
g,e,a,r,e,d
w,i,s,e,l,y
h,o,l,d
p,r,o,n,e
c,h,a,r,g,i,n,g
r,e,c,k,l,e,s,s,l,y
t,h,i,r,t,y
r,e,s,p,e,c,t,i,v,e
d,a,y,t,o,n,a
d,e,f,o,r,m,a,t,i,o,n
p,a,r,t,i,c,l,e
h,a,r,d,w,o,o,d
i,n,t,r,o,d,u,c,i,n,g
i,n,d,i,c,a,t,o,r
b,o,a,r,d,i,n,g
r,e,b,o,u,n,d
a,c,c,e,s,s
f,u,n,c,t,i,o,n,a,l,i,t,y
b,a,l,l,e,r,s
d,e,c,k,i,n,g
a,t,h,l,e,t,i,c
3,6
c,r,e,a,t,i,n,g
d,i,c,t,a,t,e
d,u,n,k
s,t,o,p,p,e,r
d,o,m,i,n,a,t,e
y,i,e,l,d
t,e,m,p,o
a,w,a,i,t,i,n,g
a,d,v,a,n,c,e,m,e,n,t
n,b,a,s
w,e,e,k,e,n,d
e,l,e,v,a,t,e
b,e,n,c,h,m,a,r,k
a,n,k,l,e
d,r,i,b,b,l,e
g,r,a,v,i,t,y
d,e,f,y,i,n,g
h,i,g,h,l,i,g,h,t
r,e,e,l
i,m,p,l,e,m,e,n,t,a,t,i,o,n
e,n,h,a,n,c,e,s
r,e,p,r,o,d,u,c,e
h,a,i,r,s,t,y,l,e
c,o,m,p,r,e,h,e,n,s,i,v,e
l,e,v,i,t,a,t,e
v,3
s,o,a,r
p,a,v,e,m,e,n,t
p,r,o,v,e,n
p,l,a,t,i,n,u,m
e,l,e,v,a,t,e,s
s,i,c,k
r,e,p
p,r,o,v,i,n,g
p,r,e,s,s,e,d
e,n,j,o,y,a,b,l,e
h,e,i,s,m,a,n
r,e,c,r,u,i,t
d,r,e,a,m,i,n,g
l,i,n,e,b,a,c,k,e,r
d,r,i,l,l
d,e,t,e,r,m,i,n,e,s
s,c,h,o,l,a,r,s,h,i,p
a,t,t,r,a,c,t
v,o,t,e,r
v,i,s,i,t
d,o,r,m
p,i,c,t,u,r,e,s,s,e,v,e,r,a,l
u,p,g,r,a,d,e,d
e,x,a,m,p,l,e
r,e,c,r,u,i,t,i,n,g
s,c,h,o,o,l,e,r,s
s,p,r,i,n,g
l,e,a,d,e,r,b,o,a,r,d,s
r,e,s,p,o,n,d,s
d,i,f,f,e,r,e,n,t,l,y
c,o,m,p,o,s,u,r,e
p,u,m,p
m,o,t,i,v,a,t,e
t,e,a,m,m,a,t,e
i,n,t,i,m,i,d,a,t,e
i,m,m,e,r,s,e,d
c,h,e,e,r,l,e,a,d,e,r
g,r,i,d,i,r,o,n
e,x,e,c,u,t,e
s,t,a,t,u,s
c,o,a,c,h,i,n,g
s,t,r,i,v,e
d,e,s,k
h,e,a,d,s,e,t
r,e,i,n
n,e,w,e,s,t
m,o,d,i,f,i,e,r
h,o,v,e,r
g,o,l,d,e,n
i,n,n,o,v,a,t,i,o,n
t,h,u,m,b
t,i,m,e,r
b,e,h,a,v,i,o,r
s,l,o,t
d,a,n,g,l,e,r
p,y,l,o,n
e,x,p,e,c,t,a,t,i,o,n
p,r,o,p,e,r,l,y
m,a,n,a,g,i,n,g
c,r,e,a,t,i,v,i,t,y
s,a,l,a,r,y
n,a,r,u,t,o
i,n,t,r,o,d,u,c,e,d
w,e,e,k,l,y
s,h,o,n,e,n
1,9,9,9
r,e,v,e,r,e,d
m,a,s,a,s,h,i
k,i,s,h,i,m,o,t,o
c,e,l,l
n,a,r,u,t,i,m,a,t,e
p,r,o,j,e,c,t,i,l,e
l,u,s,h
c,o,l,l,e,c,t,i,b,l,e
t,r,a,d,i,n,g
n,a,r,u,t,i,m,e,t,t
k,o,n,o,h,a
s,p,e,a,k
k,e,e,p,i,n,g
e,x,p,l,o,r,i,n,g
l,e,a,f
p,a,r,t,i,c,i,p,a,t,i,n,g
r,o,y,a,l,e
u,z,u,m,a,k,i
f,a,c,i,n,g
r,o,o,f
c,a,v,e
f,o,u,l
m,o,u,t,h,e,d
n,a,r,u,t,o,s
m,o,m,e,n,t,a,r,y
c,o,n,f,i,d,e,n,t
l,o,c,k,e,d
r,e,l,a,t,i,v,e
r,e,v,e,r,s,a,l
l,a,y,i,n,g
c,a,v,i,a
n,i,n,d,e,n
c,a,r,b,o,n
s,e,t,t,l,e,d
a,u,t,o,s,c,u,l,p,t
w,a,n,t,e,d
s,p,e,e,d,s,t,e,r
t,u,n,e,r
s,h,e,e,t
p,e,a,k,e,d
o,u,t,r,u,n,n,i,n,g
m,u,s,c,l,e
d,i,v,i,d,e,d
i,n,i,t,i,a,t,e
t,i,p
s,o,u,g,h,t
t,w,i,c,e
s,t,a,g,g,e,r,i,n,g
b,i,l,l,i,o,n
v,a,i,n
s,a,f,e
t,r,i,p
d,e,t,e,n,t,i,o,n
i,n,t,e,r,c,h,a,n,g,i,n,g
e,x,i,t
d,r,e,a,m,c,a,t,c,h,e,r
o,d,i,n
r,e,l,i,c
c,a,u,l,d,r,o,n
s,u,b,d,u,e,d
p,r,o,s,p,e,r,i,t,y
s,u,d,d,e,n
o,v,e,r,n,i,g,h,t
b,r,o,k,e
f,a,i,r,y
r,i,n,g,f,o,r,d
r,a,g,n,a,n,i,v,a,l
o,w,n,e,r,s,h,i,p
a,b,a,n,d,o,n,e,d
f,i,e,r,c,e,r
f,o,r,t,h
n,e,u,t,r,a,l
t,i,t,a,n,i,a
e,d,m,u,n,d
p,u,p,p,e,t
u,r,z,u,r
p,r,o,p,h,e,c,y
s,t,a,t,i,n,g
s,t,e,a,d,i,l,y
u,n,k,n,o,w,i,n,g,l,y
t,o,w,a,r,d
d,e,m,i,s,e
c,l,e,a,r
o,k,a,m,i
h,e,a,d,e,d
ō,k,a,m,i
s,c,e,n,i,c
t,e,x,t,u,r,e
p,a,p,e,r
b,r,u,s,h,e,d
w,a,t,e,r,c,o,l,o,r
c,a,l,l,i,g,r,a,p,h,y
a,m,a,t,a,r,a,s,u
g,o,d,d,e,s,s
i,n,v,o,l,v,e,s
r,e,s,t,o,r,e,d
a,p,p,e,a,r,i,n,g
v,i,e,w,t,i,f,u,l
w,e,i,r,d
w,o,n,d,e,r,f,u,l
p,i,r,a,t,e
g,a,n,b,a,r,i,o,n
i,n,c,l,u,s,i,o,n
e,n,g,r,o,s,s,i,n,g
s,e,n,d,i,n,g
r,o,v,i,n,g
s,a,m,a,n,o,s,u,k,e
f,o,c,u,s,e,d
j,a,q,u,e,s
r,e,n,o
j,a,c,q,u,e,s
s,m,a,c,k
p,y,t,h,o,n
o,u,t,r,u,n
r,e,v,i,v,a,l
e,n,c,h,a,n,t,i,n,g
a,p,p,e,a,l,i,n,g
f,e,r,r,a,r,i
f,4,3,0
s,u,p,e,r,a,m,e,r,i,c,a
t,h,r,o,a,t,y
w,h,i,n,e
e,x,h,a,u,s,t
g,l,o,r,i,o,u,s
o,u,t,r,u,n,2
s,p
d,r,e,n,c,h,e,d
p,a,l,m
c,h,a,r,m
c,a,p,e
s,u,m,o
h,e,d,g,e
r,j
r,a,c,c,o,o,n
v,e,r,n,e
t,u,r,t,l,e
h,a,m,m,y
s,q,u,i,r,r,e,l
s,t,e,l,l,a
s,k,u,n,k
s,u,b,u,r,b,a,n
c,o,n,t,a,i,n
f,r,u,i,t
p,i,c,k,u,p
p,a,y,o,u,t
p,o,k,e,r
c,a,s,i,n,o
s,h,o,w,n
t,a,b,l,e
h,o,l,d,e,m
b,l,a,c,k,j,a,c,k
b,a,c,c,a,r,a,t
r,o,u,l,e,t,t,e
c,l,o,t,h,i,n,g
p,h,a,n,t,a,s,y
c,o,m,p,o,n,e,n,t
e,m,o,t,i,o,n,a,l,l,y
s,p,r,a,w,l
t,e,e,m,i,n,g
a,v,a,t,a,r
i,l,l,u,m,i,n,u,s
o,f,f,l,i,n,e,o,n,l,i,n,e
f,u,n,d,a,m,e,n,t,a,l,i,s,t
d,i,s,r,u,p,t,s
g,u,r,h,a,l
t,h,r,o,w,i,n,g
w,a,b,e,r
i,n,s,t,r,u,c,t,o,r
l,a,i,a
m,a,r,t,i,n,e,z
a,t,l,a,s
q,u,i,r,k,y
c,e,n,t,e,r,e,d
m,a,r,o,n,a
c,r,a,c,k,e,d
e,x,i,l,e,d
p,o,s,s,e,s,s,e,d
b,i,g,g,e,r
i,n,v,o,l,v,e
d,e,c,i,d,e,d
m,e,a,n,i,n,g
c,o,n,v,e,n,t,i,o,n,a,l
r,e,c,r,u,i,t,m,e,n,t
s,u,m,m,o,n,s
c,h,a,n,n,e,l
g,r,a,s,s
a,t,t,r,i,b,u,t,e
p,r,o,t,e,c,t,i,o,n
o,d,d
s,i,l,l,i,e,s,t
d,i,m,e,n,s,i,o,n
p,l,a,y,b,o,y
m,a,n,s,i,o,n
c,y,b,e,r,l,o,r,e
o,r,i,e,n,t,e,d
m,a,n,a,g,e,m,e,n,t
t,y,c,o,o,n
g,l,a,m,o,u,r
r,e,g,a,l,i,a
a,s,s,o,c,i,a,t,e,d
h,u,g,h
h,e,f,n,e,r
p,u,b,l,i,c,a,t,i,o,n
a,d,j,u,s,t
g,r,o,t,t,o
r,u,b
v,i,p
m,i,n,d,e,d
g,u,e,s,t
p,a,r,t,a,k,e
i,n,t,i,m,a,t,e
d,e,s,c,r,i,b,e
m,i,n,e,r,v,a
a,r,u,s,h
g,r,o,o,v,e
p,e,r,s,i,a
u,b,i,s,o,f,t,s
s,e,a,s,o,n,e,d
b,a,b,y,l,o,n
k,a,i,l,e,e,n,a
l,o,n,g,s
h,o,m,e,l,a,n,d
r,a,v,a,g,e,d
r,a,p,i,d,l,y
s,a,c,r,i,f,i,c,e
h,e,r,s,e,l,f
f,u,g,i,t,i,v,e
g,r,a,d,u,a,l,l,y
m,o,n,t,r,e,a,l
f,l,i,p
r,e,v,e,r,s,e
f,l,o,w
w,i,e,l,d
2,0,6,5
n,a,t,h,a,n
f,r,o,s,t
r,e,n,e,g,a,d,e
p,l,u,n,g,i,n,g
o,p,e,r,a
b,u,d,d,h,i,s,t
c,o,n,v,e,r,t,e,d
s,p,r,a,w,l,i,n,g
t,e,c,h
p,i,l,o,t,i,n,g
a,u,g,m,e,n,t,a,t,i,o,n
i,n,v,i,s,i,b,i,l,i,t,y
r,e,f,l,e,x
p,s,i
o,p,s
m,i,n,d,g,a,t,e
p,s,y,c,h,i,c
s,c,r,y,e,r
t,a,l,e,n,t,e,d
c,o,m,p,o,u,n,d
o,u,t,s,m,a,r,t,i,n,g
t,e,l,e,k,i,n,e,s,i,s
p,y,r,o,k,i,n,e,s,i,s
r,e,m,o,t,e
v,i,e,w,i,n,g
d,r,a,i,n
r,a,d,i,a,t,a
p,a,s,s,a,g,e
p,r,o,t,a,g,o,n,i,s,t
r,i,d,l,e,y
1,7,5
c,o,n,s,t,a,n,t,l,y
h,a,p,p,e,n,s
v,e,l,d,i,n
g,r,i,p,p,i,n,g
d,e,a,d,l,o,c,k,e,d
s,h,o,r,t,l,y
a,l
f,i,n,i,s,h,e,d
g,l,e,e,m,a,n
v,o,x
d,r,e,a,d,z,o,n,e
o,c,c,a,s,i,o,n,a,l,l,y
m,o,s,t,l,y
b,o,t
h,a,r,b,i,n,g,e,r
d,r,e,a,d
r,e,v,o,l,v,e,r
s,l,i,n,g,i,n,g
n,o,d
b,r,u,t,a,l,l,y
m,a,s,s,a,c,r,e,d
m,e,x,i,c,a,n
m,o,u,n,t
d,i,s,m,o,u,n,t
s,h,o,t,g,u,n
d,y,n,a,m,i,t,e
a,l,t,o,g,e,t,h,e,r
c,o,m,m,i,s,s,i,o,n,e,d
b,o,u,g,h,t
a,n,g,e,l
l,i,m,b,o
r,e,b,e,l,l,i,o,n
h,o,s,t,i,l,e
m,a,r
u,l,t,o,r
v,o,l,i,t,i,o,n
p,r,o,p,r,i,e,t,a,r,y
g,e,o
m,o,d
a,r,b,i,t,r,a,r,y
m,o,d,i,f,i,c,a,t,i,o,n
g,e,o,m,e,t,r,y
d,i,s,m,a,n,t,l,e,d
u,m,b,r,e,l,l,a
o,f,f,i,c,e,r
l,e,o,n
k,e,n,n,e,d,y
d,i,s,p,a,t,c,h,e,d
c,r,a,z,e,d
b,a,r,e,s
s,t,r,i,k,i,n,g
r,e,s,e,m,b,l,a,n,c,e
a,r,k,l,a,y
h,o,r,r,i,b,l,e
r,e,4
i,n,f,e,s,t,e,d
a,d,j,u,s,t,s
t,i,c,k
e,r,a,d,i,c,a,t,e,s
i,n,f,e,c,t,e,d
h,o,r,r,i,f,i,c
f,i,l,e
e,p,i,d,e,m,i,c
c,a,u,s,e,d
i,n,f,e,c,t,i,n,g
l,o,n,g,t,i,m,e
t,u,r,n,i,n,g
f,l,e,s,h
e,a,t,i,n,g
s,w,a,r,m,i,n,g
r,e,m,a,i,n
t,o,t,a,l,i,n,g
a,n,n,i,h,i,l,a,t,e,s
h,y,d,r,o,g,e,n
k,a,s,a,i
b,a,d,a,s,s
b,a,r,b,a,r,i,a,n
r,a,u
t,a,t,i
d,i,s,t,i,n,c,t,l,y
t,a,r,g,e,t,i,n,g
b,o,t,t,l,e,r,o,c,k,e,t
5,8
p,u,n,k
p,s,3
d,r,u,m
p,i
f,i
j,e,s,t,e,r
s,e,a,m,l,e,s,s,l,y
b,l,a,n,k
s,y,n,t,h,e,s,i,s
n,u
t,h,i,n
p,l,a,t,o,o,n
d,i,s,a,p,p,e,a,r,s
c,e,n,t,r,e
f,u,t,i,l,e
g,e,n,e,t,i,c
i,n,f,a,n,t,r,y,m,a,n
r,o,m,a,n,c,e
x,i
c,i,v,i,l,i,z,a,t,i,o,n
e,l,e,v,e,n,t,h
r,e,c,o,u,n,t
c,o,l,l,a,p,s,e
h,a,n
f,a,t,e,f,u,l
f,o,l,l,o,w,e,d
a,d
a,r,t,i,s,t,i,c
e,v,o,c,a,t,i,v,e
c,h,i,n,e,s,e
i,n,k
p,a,i,n,t,i,n,g
d,e,b,a,t,e
a,d,e,p,t
p,o,l,i,t,i,c,a,l
g,o,v,e,r,n
d,i,p,l,o,m,a,c,y
s,h,i
r,o,s,e
s,u,s,p,e,n,s,f,u,l
c,a,l,l,i,n,g
c,r,a,y,o,n
j,e,n,n,i,f,e,r
m,i,d
p,u,n,c,h,l,i,n,e
b,a,c,k,l,o,g
b,u,r,n,e,r
s,y,n,d,r,o,m,e
a,x,e
m,o,n,a,c,o
t,a,n,t
r,b,o,n,a,n,z,a
c,o,l,u,m,n
v,r
h,a,r,r,i,e,r
g,e,n,e,s,i,s
a,l,t,e,r,e,d
h,e,d,g,e,h,o,g
s,h,i,n,o,b,i
b,a,c,k,b,o,n,e
b,r,i,m
d,o,u,b,t
q,u,e,n,c,h
p,a,r,c,h,e,d
t,h,i,r,s,t
9,0,0
r,o,u,g,h,l,y
t,r,a,n,s,p,o,r,t
h,u,m,v,e,e
j,e,e,p
s,k,i,e,r
w,a,n,n,a,b,e
d,o,m,i,n,a,t,i,n,g
m,e,d,a,l
c,o,m,p,e,t,i,t,o,r
h,u,r,t,l,i,n,g
h,y,p,e
c,r,e,a,t,e,s
a,s,h,i,k,a,g,a
s,h,o,g,u,n,a,t,e
c,o,l,l,a,p,s,e,d
s,u,c,c,e,s,s,i,o,n
d,i,s,p,u,t,e
1,4,6,7
e,r,u,p,t,e,d
s,a,n,a,d,a
y,u,k,i,m,u,r,a
s,a,n,a,d,a,s
h,a,l,l,o,w,e,d
o,k,e,h,a,z,a,m,a
k,a,w,a,n,a,k,a,j,i,m,a
e,m,b,a,t,t,l,e,d
o,s,a,k,a
t,o,t,i,n,g
e,c,h,e,l,o,n
k,u,n,o,i,c,h,i
s,c,a,r,f,a,c,e
a,u,t,h,e,n,t,i,c,a,l,l,y
r,e,c,r,e,a,t,e,s
h,i,s,t,o,r,i,c,a,l
t,o,u,c,h,i,n,g
m,o,n,t,a,n,a
s,t,e,a,m,y
i,r,i,e
f,l,o,r,i,d,a
b,a,h,a,m,a,s
s,e,e,d,y
p,r,o,c,u,r,e
n,e,g,o,t,i,a,t,e
s,m,u,g,g,l,e
c,o,n,t,r,a,b,a,n,d
d,e,a
v,a,t,t,i,c
p,r,e,t,t,y
b,r,a,i,n
e,x,p,e,r,i,m,e,n,t,a,t,i,o,n
u,n,i,m,a,g,i,n,a,b,l,e
p,a,r,a,n,o,r,m,a,l
p,s,i,o,n,i,c
m,i,c,r,o,s,o,f,t
c,o,v,e,n,a,n,t
u,n,i,q,u,e,l,y
e,x,p,e,d,i,t,i,o,n
c,u,l,t
f,u,l,f,i,l,l
y,u,r,i,s
w,e,a,k,e,n,e,d
c,u,r,e
m,a,l,e,v,o,l,e,n,t
n,o,c,t,u,r,n,e
h,a,d,d,e,d
m,e,n,u
n,a,u,t,i,l,u,s
s,i,x,t,e,e,n
d,e,t,e,c,t,i,v,e
a,c,c,i,d,e,n,t
a,c,c,e,p,t,s
e,s,c,a,p,e,d
c,u,s,t,o,d,y
e,s,c,a,p,e,e
s,w,a,l,l,o,w
s,h,a,n,i,a
s,p,i,r,i,t,u,a,l
s,e,n,s,i,n,g
d,e,c,i,d,e,s
2,e,c,o,n,d
d,e,l,i,v,e,r,e,d
l,e,r,o,i
d,e,a,d,s,i,d,e
g,r,i,g,o,r,i
m,a,s,q,u,e,r,a,d,i,n,g
r,e,s,p,o,n,d
t,e,e,s,i,d,e
c,o,l,o,s,s,u,s
m,a,j,e,s,t,i,c
s,p,a,c,i,o,u,s
u,n,e,a,r,t,h
u,n,e,a,s,y
r,e,l,i,e,s
s,t,u,r,d,y
t,o,p,p,l,e
m,e,g,a,m,i
t,e,n,s,e,i
f,e
e,x,t,r,a,c,u,r,r,i,c,u,l,a,r
t,a,r,t,a,r,u,s
i,m,p,e,r,c,e,p,t,i,b,l,e
u,n,u,s,u,a,l,l,y
p,r,o,v,o,k,i,n,g
t,r,a,n,s,f,e,r,r,e,d
e,n,t,e,r,i,n,g
d,o,r,m,i,t,o,r,y
s,h,i,n,i,n,g
e,x,a
s,t,e,e,p,e,d
o,p,p,r,e,s,s,i,o,n
n,e,i,t,h,e,r
g,a,i,n,e,d
p,e,r,c,e,i,v,a,b,l,e
c,e,a,s,e,l,e,s,s
t,o,m,a
u,n,i,t,e
c,y,r,i,l,l,e
s,o,r,c,e,r,e,s,s
i,k,u,s,e
s,h,r,e,k
s,u,p,e,r,s,l,a,m
p,a,r,o,d,y
f,a,i,r,y,t,a,l,e
s,l,a,m
j,u,g,g,l,i,n,g
d,o,n,k,e,y
s,w,a,s,h,b,u,c,k,l,i,n,g
p,u,s
b,o,o,t
l,e,v,e,l,i,n,g
k,u,n,g
f,u
b,e,l,l,y
f,l,o,p,p,i,n,g
p,o,t,i,o,n
f,r,e,n,z,i,e,d
h,e,n,r,y
t,o,w,n,s,h,e,n,d
a,p,a,r,t,m,e,n,t
d,e,e,p,l,y
r,o,o,t,e,d
p,o,r,t,a,l
f,a,s,h,i,o,n
h,o,r,r,e,n,d,o,u,s
u,n,d,e,a,d
i,m,p,e,d,e
b,e,a,s,t,i,e,s
h,o,t,e,l
f,o,r,g,e,t
s,i,r,e,n
y,a,m,i,j,i,m,a
s,h,i,b,i,t,o
y,a,m,i
b,i,t,o
a,p,p,r,o,a,c,h,i,n,g
v,i,b,r,a,t,i,o,n
s,l,y
b,o,r,r,o,w,i,n,g
h,e,a,v,i,l,y
r,e,t,a,i,n,s
e,a,r,n,s
m,i,g,h,t
b,e,n,t,l,e,y
r,e,s,p,e,c,t,i,v,e,l,y
c,o,o,p,e,r
t,h,i,e,v,i,u,s
r,a,c,c,o,o,n,u,s
s,u,c,k,e,r
a,m,o,n,g
c,a,r,m,e,l,i,t,a
a,u,s,t,r,a,l,i,a
s,p,e,a,k,s
d,i,m,i,t,r,i
b,i,n,o,c,u,l,a,r,s
s,i,m,p,l,y
t,a,p,p,i,n,g
l,3
c,o,d,e,d
c,o,m,p,l,e,t,e,d
c,o,n,c,o,c,t,e,d
k,n,u,c,k,l,e
s,w,i,t,c,h,i,n,g
c,h,a,o,t,i,x
r,e,q,u,i,r,e
l,o,g,i,c,a,l
p,r,o,m,o,t,e
e,g,g,m,a,n
p,r,i,x
u,l,t,r,a
e,m,e,r,a,l,d
g,l,i,d,i,n,g
p,a,l
s,o,u,l,c,a,l,i,b,u,r
r,e,v,i,v,e,d
a,z,u,r,e
c,a,l,i,b,u,r
p,r,e,v,a,i,l
s,u,i,t,e,d
d,a,r,k,e,r
i,n,t,e,g,r,a,t,e,d
w,e,b,b,i,n,g
d,o,c
o,c,k
g,o,b,l,i,n
v,e,n,o,m
s,a,n,d,m,a,n
b,i,s,h,o,p
s,h,e,i,l,a
t,h,r,e,a,t,e,n,i,n,g
b,i,o,t,e,c,h
s,u,p,p,o,s,e,d,l,y
o,p,t,i,c,a,l
c,u,t,s,c,e,n,e,s
b,r,i,e,f,i,n,g
s,t,a,c,k,e,d
d,a,n,i,e,l
n,e,g,r,e,a,n,u
m,y,e,l,i,n
m,e,d,i,a,s
‘
r,i,s,i,n,g
s,u,b,t,l,y
s,l,o,w,i,n,g
p,l,a,n,n,e,d
a,d,d,i,t,i,o,n,a,l,l,y
p,o,r,t,a,b,l,e
i,m,p,r,e,s,s,i,v,e
i,n,c,l,u,s,i,v,e
5,0,0,0,f,t
b,a,t,t,l,e,f,r,o,n,t
s,t,o,r,m,t,r,o,o,p,e,r,s
c,o,m,m,a,n,d,e,r
i,v
p,r,e,q,u,e,l
l,i,b,e,r,a,l,l,y
b,o,r,r,o,w,s
t,r,a,n,s,p,l,a,n,t,i,n,g
s,n,o,w,s,p,e,e,d,e,r,s
s,t,s
j,e,d,i
l,i,g,h,t,s,a,b,e,r
i,n,v,o,l,v,i,n,g
p,r,e,c,i,s,e
s,t,a,r,s,k,y
h,u,t,c,h
c,o,o,l,e,s,t
u,n,d,e,r,c,o,v,e,r
s,p,o,k,e,n
w,i,s,e
r,o,u,g,h,e,s,t
n,o,s,e,d
l,o,v,a,b,l,e
u,n,c,o,n,v,e,n,t,i,o,n,a,l
a,s,s,i,s,t,a,n,c,e
s,u,a,v,e
h,u,g,g,y
r,e,p,r,o,d,u,c,e,d
p,o,l,y,g,o,n,a,l
c,o,n,s,i,s,t,s
s,t,e,e,r,i,n,g
l,i,g,h,t,g,u,n
a,l,p,h,a
a,n,t,h,o,l,o,g,y
p,i,n,t
s,i,z,e,d
a,k,a
p,o,c,k,e,t
r,a,w
s,t,a,k,e
w,a,l,l,e,t
n,t,i,t,r,o,u,s
s,t,i,k,e,d
p,e,d,a,l
3,d,o
s,t,e,p,p,e,d
f,o,l,d,e,d
n,o,r,i,t,a,k,a
f,u,n,a,m,i,z,u
w,a,r,p
r,e,s,e,r,v,e,d
l,a,y,e,r,e,d
a,d,v,a,n,t,a,g,e,o,u,s
m,e,i,s,t,e,r
s,y,p,h,o,n
s,t,r,a,i,n
c,o,n,s,o,r,t,i,u,m
v,i,r,a,l
g,a,b,e
l,o,g,a,n
p,e,e,r
r,i,c,h,l,y
t,a,k
j,u,j,u
t,r,i,b,a,l
z,a,n,y
r,e,c,e,i,v,e
g,r,a,n,d,e,s,t
l,e,g,e,n,d,i,a
s,e,n,e,l
c,o,o,l,i,d,g,e
e,r,e,s
d,e,s,i,r,e
s,h,i,r,l,e,y
v,e,s,s,e,l
t,a,n,d,e,m
u,t,i,l,i,z,e,s
l,i,m,b
k,a,z,u,t,o
n,a,k,a,z,a,w,a
b,i,l,l
b,e,a,t,i,n,g
m,e,l,f,e,s
a,b,y,s,s
s,y,m,p,h,o,n,i,a
p,e,r,s,o,n,a,b,l,e
s,p,e,e,d,i,e,r
e,x,p,a,n,d,s
k,a,z,a,m,a,s
t,e,n,c,h,u
r,i,k,i,m,a,r,u
a,y,a,m,e
a,s,s,a,s,s,i,n
r,i,n
k,u,r,o,y,a
s,h,i,m,a,t,s,u,y,a
a,t,t,a,c,k,e,d
h,a,g,a,k,u,r,e
s,a,t,o
c,h,i,l,d,h,o,o,d
g,r,u,d,g,e
s,p,y,i,n,g
d,i,s,t,r,a,c,t,i,o,n
s,n,e,a,k,i,n,g
e,l,i,m,i,n,a,t,i,o,n
k,u,r,e,n,a,i
h,e,a,v,e,n
k,2
t,o,o,l
r,a,c,k,i,n,g
m,u,f,f,l,e,d
t,e,r,m,i,n,a,t,o,r
c,o,n,n,o,r
a,n,n,i,h,i,l,a,t,i,o,n
i,n,e,v,i,t,a,b,l,e
o,c,c,u,r,r,e,d
m,e,c,h,a,n,i,z,e,d
c,o,m
r,i,s,e,n
f,o,o,t,a,g,e
t,3
c,r
p,l,a,c,i,n,g
d,a
v,i,n,c,i
c,o,d,e
s,o,c,i,e,t,y
c,a,l,c,u,l,a,t,e,d
m,u,r,d,e,r
h,a,r,v,a,r,d
r,o,b,e,r,t
l,a,n,g,d,o,n
f,r,e,n,c,h
c,r,y,p,t,o,g,r,a,p,h,e,r
s,o,p,h,i,e
n,e,v,e,u
e,n,c,o,d,e,d
l,e,o,n,a,r,d,o
c,a,p,e,r
o
s,o,h,o
p,o,p,u,l,a,t,e,d
g,o,d,f,a,t,h,e,r
m,a,r,i,o
p,u,z,o
f,r,a,n,c,i,s
c,o,p,p,o,l,a
c,o,r,l,e,o,n,e
l,o,y,a,l,t,y
f,e,a,r
d,o,n
p,r,o,b,l,e,m
s,k,i,l,l,f,u,l
m,i,x,t,u,r,e
b,a,n,k
b,y,s
e,x,t,o,r,t,i,o,n
i,n,t,i,m,i,d,a,t,i,o,n
n,e,g,o,t,i,a,t,i,o,n
t,i,c,k,e,t
s,h,o,r,e
s,q,u,a,r,e,l,y
t,e,s,t,o,s,t,e,r,o,n,e
l,a,d,e,n
b,r,e,a,k,e,r
h,e,t,e,r,o,s,e,x,u,a,l
b,o,o,z,i,n,g
n,u,d,i,t,y
r,e,v,e,l,r,y
t,o,p,h,e,a,v,y
s,m,o,k,i,n
b,a,b,e
i,n,t,e,r,e,s,t,i,n,g,l,y
e,n,g,l,i,s,h
p,o,r,t
t,o,p,h,e,a,v,y,s
f,o,u,n,d,a,t,i,o,n
r,o,c,k,e,d
m,u,k,a,i
o,r,o,c,h,i
y,a,t,a
m,i,r,r,o,r
d,u,s,t
s,e,t,t,l,e
c,o,m,e,r
r,e,a,l,i,z,e
m,e,n,a,c,i,n,g
b,o,n,e
k,r,o,m,e
m,a,t,r,i,x
r,e,s,o,l,v,e
w,a,c,h,o,w,s,k,i
n,e,o,s
t,h,o,m,a,s
a,n,d,e,r,s,o,n
s,m,i,t,h
s,h,i,n,y
r,e,l,o,a,d,e,d
s,i,m,p,s,o,n
h,o,m,e,r
m,a,r,g,e
b,a,r,t
l,i,s,a
s,p,r,i,n,g,f,i,e,l,d
v,a,n,q,u,i,s,h
s,i,m,s
c,a,n,v,a,s
f,o,o,d
d,e,s,i,g,n,i,n,g
a,s,p,i,r,a,t,i,o,n
r,e,c,i,p,e
a,c,q,u,i,r,e
r,e,l,a,t,i,o,n,s,h,i,p
c,o,p,p,e,r,a,t,i,v,e,l,y
i,m,p,o,r,t,i,n,g
g,r,e,a,t,n,e,s,s,o,r
m,a,x,i
u,r,b,z
m,o,v,e,d
c,h,a,l,l,e,n,g,e,d
s,u,s,h,i
c,h,o,p
s,h,o,p
b,o,o,t,l,e,g
f,i,r,e,w,o,r,k
p,r,o,m,o,t,i,o,n
f,l,a,u,n,t
s,t,y,l,i,n,g
v,e,l,v,e,t
r,o,p,e
u,p,t,o,w,n
s,l,e,e,p
p,r,o,p,o,r,t,i,o,n
l,o,o,m,i,n,g
n,e,o,n
t,o,n,i,g,h,t
w,r,o,n,g,l,y
a,c,c,u,s,e,d
o,w,n,s
u,n,c,e,r,t,a,i,n,t,y
e,m,e,r,g,e,s
t,o,r,o,n,t,o
t,i,m
b,u,r,t,o,n
c,h,r,i,s,t,m,a,s
o,o,g,i,e,s
s,e,l,i,c,k,s
s,k,e,l,l,i,n,g,t,o,n
h,a,l,l,o,w,e,e,n
s,p,o,o,k
o,o,g,i,e
b,o,o,g,i,e
p,e,r,i,l
b,o,t,t,o,m
w,h,a,t,s
c,r,i,s,i,s
g,a,r,l,a,n,d
c,l,u,t,c,h
g,u,n,c,o,n,2
t,r,i,b,u,t,e
w,i,e,l,d,i,n,g
i,n,t,e,r,a,c,t,i,o,n
s,t,o,r,e
s,h,e,l,f
s,l,i,c,e
c,l,a,n,c,y,s
r,e,c,o,n
w,o,r,s,t
f,a,m,i,n,e
i,n,s,i,d,i,o,u,s
d,i,v,e,r,t
h,u,m,a,n,i,t,a,r,i,a,n
b,e,e,f
s,l,o,w,l,y
p,r,o,c,e,s,s
m,i,d,s,t
r,o,c,k,i,n,g
c,o,u,n,t,r,y,s,i,d,e
a,s,s,u,m,e,s
b,l,a,m,i,n,g
s,e,i,z,e
t,a,c,i,t
w,a,r,f,i,g,h,t,e,r
2,0,1,3
i,m,p,l,e,m,e,n,t
i,w
s,a,t,e,l,l,i,t,e
s,u,r,v,i,v,a,b,i,l,i,t,y
p,r,o,g,r,a,m
t,e,s,t,e,d
s,h,a,n,g,h,a,i
h,a,v,a,n,a
2,0,0,9
c,a,s,t,r,o
c,u,b,a
v,a,c,u,u,m
b,e,r,e,t
d,e,p,l,o,y,e,d
h,a,l,t
f,u,n,d,e,d
s,a,b,o,t,a,g,i,n,g
e,l,e,c,t,i,o,n
l,o,c,k,d,o,w,n
b,i,o,t,e,r,r,o,r,i,s,t
e,s,c,a,l,a,t,e
p,e,r,s,o,n,a,l,l,y
t,a,r,g,e,t,e,d
p,r,o,t,e,c,t,i,n,g
t,e,n,t,a,t,i,v,e
c,h,a,v,e,z
m,i,n,i,m,a,l
a,m,o,u,n,t
a,t,t,e,n,t,i,o,n
c,a,s,u,a,l,t,y
a,c,t,i,v,a,t,e,d
w,a,r,e,h,o,u,s,e
s,p,l,i,n,t,e,r
t,h,e,o,r,y
t,h,e,t
s,a,m
f,i,s,h,e,r
e,l,i,m,i,n,a,t,i,n,g
p,e,r,p,e,t,r,a,t,o,r
p,r,i,m,a,r,y
s,e,c,o,n,d,a,r,y
k,n,i,f,e
j,a,m,m,e,r
s,c
2,0,k
m,o,d,u,l,a,r
i,r,o,n,s,i,d,e
a,n,d,y
a,m,o,n
t,o,b,i,n
m,e,r,c,s
p,a,n,d,o,r,a
t,o,m,o,r,r,o,w
d,i,s,p,o,s,a,l
d,o,o,r,w,a,y
f,u,n,c,t,i,o,n
s,o,n,a,r
s,e,n,s,o,r
d,i,v,i,d,e
p,a,r,a,m,e,t,e,r
h,a,w,k
c,o,n,t,i,n,u,o,u,s
s,k,a,t,i,n,g
b,m,x
b,i,k,i,n,g
w,a,i,t,i,n,g
s,k,a,t,e
s,k,a,t,e,r
s,k,a,t,e,b,o,a,r,d,e,r
1,9,0
p,r,o,g,r,e,s,s,i,v,e,l,y
s,k,a,t,e,b,o,a,r,d,i,n,g
d,e,f,i,n,i,t,i,v,e
d,e,p,a,r,t,u,r,e
s,k,a,t,e,p,a,r,k,s
u,p,h,o,l,d
k,a,n,g
l,u,x,o,f,l,u,x
c,o,s,m,i
m,e,i,w,a,k,u
m,i,s,c,h,i,e,f
a,l,l,o,w,e,d
r,e,a,c,h,e,d
m,a,t,u,r,i,t,y
c,h,o,o,s,e,s
w,r,e,c,k,i,n,g
c,o,c,o
s,c,a,n,n,i,n,g
m,i,c,r,o,p,h,o,n,e
s,n,o,w,b,a,l,l
h,i,t,t,i,n,g
p,a,n,i,c
s,e,i,j,i,n
r,e,s,p,o,n,s,e
m,a,s,o,n
s,e,r,v,i,c,e
a,p,p,a,l,l,e,d
g,1,8
g,r,a,n,t,e,d
e,m,e,r,g,e,n,c,y
d,e,p,a,r,t,m,e,n,t
p,a,r,a,m,e,d,i,c
r,o,c,k,s,t,e,a,d,y
m,a,r,s,h,a,l,l
d,e,f,i,n,i,t,i,o,n
v,a,n
h,e,l,s,i,n,g
j,a,c,k,m,a,n
b,a,c,k,s,t,o,r,y
t,r,a,n,s,y,l,v,a,n,i,a
f,r,a,n,k,e,n,s,t,e,i,n
i,g,o,r
j,e,k,y,l,l
u,s,e,f,u,l
s,a,f,f,i,r,e
yukes,smackdown
t,h,q,s
b,u,r,i,e,d
c,a,s,k,e,t
w,r,e,s,t,l,e,r
s,t,a,m,e,n
s,t,r,e,a,m,l,i,n,e,d
l,i,n,k
y,u,k,e,s
k,n,o,c,k
s,n,o,t
s,m,a,c,k,f,e,s,t
m,o,v,e,s,e,t,s
s,h,u,t
m,o,u,t,h
h,u,l,k
h,o,g,a,n
u,n,d,i,s,p,u,t,e,d
t,r,i,p,l,e
y,2,j,s
b,l,a,r,e
b,o,o
c,h,a,n,t
b,a,c,k,s,t,a,g,e
l,a,y,e,t,h
s,m,a,c,k,e,t,h
m,c,m,a,h,o,n
s,t,a,c,y
k,e,i,b,l,e,r
p,h,e,n,o,m
2,0,0,3,s
s,l,o,b,b,e,r
k,n,o,c,k,e,r
p,a,r,k,i,n,g
b,r,a,w,l
m,e,r,g,e,d
s,a,n,g,o,k,u,s,h,i
f,o,l,l,o,w,e,r
♥
c,u,t,e
a,p,p,e,a,s,e
j,u,d,e
m,a,v,e,r,i,c,k
i,n,v,a,d,e,r
h,e,x
m,a,n,i,p,u,l,a,t,e
x,s,e,e,d
c,a,p,o
b,r,o,n,c,o
o,u,t,s,k,i,r,t
y,o,u,t,h
d,e,a,n
r,e,b,e,c,c,a
s,t,r,e,i,s,a,n,d
f,a,l,l,i,n,g
d,i,s,b,e,l,i,e,f
g,r,o,w,s
c,l,e,n,c,h,e,d
r,e,c,o,l,l,e,c,t,i,o,n
i,n,s,p,i,r,e,s
h,e,l,p,i,n,g
r,e,g,a,i,n
v,t,h
v,a,n,g,u,a,r,d
d,e,t,e,c,t,i,o,n
j,o,s,t,l,e
p,r,e,p,a,r,e
h,e,a,d,e,r
s,l,i,d,e
b,a,c,k,w,a,r,d,s
f,u,r,t,h,e,r,s
t,i,g,h,t,e,r
h,a,l,l,m,a,r,k
w,o,r,m
u,n,c,h,a,n,g,e,d
r,e,l,y,i,n,g
j,u,d,g,e
t,r,a,j,e,c,t,o,r,y
i,n,f,l,i,c,t
b,a,z,o,o,k,a
s,h,e,e,p
t,e,a,m,1,7
a,s,s,u,m,i,n,g
g,a,m,b,i,t
b,r,o,t,h,e,r,h,o,o,d
e,x,t,i,n,c,t,i,o,n
c,o,n,f,r,o,n,t,a,t,i,o,n
h,u,m,a,n,k,i,n,d
f,a,c,e,d
x,3
n,i,g,h,t,c,r,a,w,l,e,r
i,c,e,m,a,n
h,y,d,r,a
n,a,r,r,a,t,i,v,e
c,h,r,i,s
c,l,a,r,e,m,o,n,t
x,e,n,o,s,a,g,a
s,p,r,a,c,h
z,a,r,a,t,h,u,s,t,r,a
s,h,i,o,n
g,n,o,s,i,s
p,h,e,n,o,m,e,n,o,n
x,e,n,o,s,a,g,a,s
s,p,e,c,i,a,l,i,z,a,t,i,o,n
d,i,v,e,r,s,i,f,i,c,a,t,i,o,n
x,e,n,o
b,i,b,l,e
x,i,a,o,l,i,n
m,o,n,k
s,h,e,n
g,o,n,g
w,u
o,m,i
g,l,o,b,e,t,r,o,t,t,i,n,g
p,o,s,s,e,s,s,o,r
s,p,i,c,e,r
w,i,t,c,h
w,u,y,a
s,u,p,e,r,b
w,b
y,a,k,u,z,a
r,e,g,a,r,d
t,r,a,i,t
k,i,r,y,u
k,a,z,u,m,a
r,e,b,u,i,l,d,i,n,g
s,e,r,v,i,n,g
s,p,i,r,a,l,i,n,g
h,a,r,u,k,a
u,n,r,a,v,e,l,s
t,o,s,h,i,h,i,r,o
n,a,g,o,s,h,i
c,o,l,l,a,b,o,r,a,t,i,n,g
a,u,t,h,o,r
s,e,i,s,h,u
h,a,s,e
j
c,h,a,i,r,m,a,n
t,o,j,o
r,e,t,i,r,e,s
s,u,c,c,e,s,s,o,r
a,l,l,i,e,d
t,r,a,v,e,l,l,i,n,g
s,t,a,v,e
z,a,t,c,h
b,e,l,l
m,a,m,o,d,o
t,i,o
d,i,a,l,o,g,u,e
r,a,n,d,o,m
m,a,m,o,n,o
m,a,k,o,t,o
r,a,i,k,u,t,o,e,i
w,i,n,n,e,r
a,p,p,l,i,e,s
k,o,n,j,i,k,i
g,a,s,h,b,e,l,l
y,u,u,j,o,u
1,8,7,0,0
b,a,r,c,e,l,o,n,a
m,i,l,a,n
l,i,v,e,r,p,o,o,l
e,x,h,i,b,i,t,i,o,n
t,r,a,n,s,f,e,r
c,o,n,t,r,o,l,e,r
